"id","latitude","longitude","type_of_violence","best","dyad_name"
3147,28,3,1,3,"Government of Algeria - AQIM"
3282,36.166667,2.166667,1,0,"Government of Algeria - AQIM"
3178,36.817,4.3,1,3,"Government of Algeria - AQIM"
3574,36.763056,3.050556,1,1,"Government of Algeria - AQIM"
5904,36.600817,3.445932,1,7,"Government of Algeria - AQIM"
4013,34.666667,6,1,2,"Government of Algeria - AQIM"
5810,36.31,2.162222,1,1,"Government of Algeria - AQIM"
1554,36.624812,3.477879,1,5,"Government of Algeria - AQIM"
4554,36.75,3.666667,1,3,"Government of Algeria - AQIM"
6620,28,3,1,0,"Government of Algeria - AQIM"
3991,28,3,1,2,"Government of Algeria - AQIM"
6622,28,3,1,1,"Government of Algeria - AQIM"
6276,36.75,4.25,1,1,"Government of Algeria - AQIM"
1699,28,3,1,1,"Government of Algeria - AQIM"
3261,36.730461,3.494822,1,1,"Government of Algeria - AQIM"
5637,36.716667,3.666667,1,1,"Government of Algeria - AQIM"
5991,36.711825,4.045914,1,2,"Government of Algeria - AQIM"
1748,35.404167,8.124167,1,3,"Government of Algeria - AQIM"
5159,36.75,3.666667,1,1,"Government of Algeria - AQIM"
5122,36.743276,3.717296,1,3,"Government of Algeria - AQIM"
3513,35.404167,8.124167,1,5,"Government of Algeria - AQIM"
3688,35.404167,8.124167,1,5,"Government of Algeria - AQIM"
5433,36.75,6,1,9,"Government of Algeria - AQIM"
5665,36.91716,3.913107,1,1,"Government of Algeria - AQIM"
4705,36.583333,3,1,1,"Government of Algeria - AQIM"
3457,36.583333,3,1,15,"Government of Algeria - AQIM"
1712,36.166667,2.166667,1,3,"Government of Algeria - AQIM"
3435,36.7441,3.9005,1,3,"Government of Algeria - AQIM"
2517,36.711825,4.045914,1,1,"Government of Algeria - AQIM"
3514,36.583333,4,1,3,"Government of Algeria - AQIM"
3833,35.383333,5.366667,1,1,"Government of Algeria - AQIM"
4910,36.75,4.25,1,2,"Government of Algeria - AQIM"
5262,36.083333,4.75,1,1,"Government of Algeria - AQIM"
2735,35.404167,8.124167,1,4,"Government of Algeria - AQIM"
2586,36.75,4.25,1,4,"Government of Algeria - AQIM"
4412,36.7441,3.9005,1,2,"Government of Algeria - AQIM"
4946,36.083333,3,1,1,"Government of Algeria - AQIM"
6232,36.758965,3.474819,1,4,"Government of Algeria - AQIM"
2874,36.758965,3.474819,1,2,"Government of Algeria - AQIM"
5140,34.666667,6,1,2,"Government of Algeria - AQIM"
4040,36.758965,3.474819,1,2,"Government of Algeria - AQIM"
3586,36.521996,4.205148,1,1,"Government of Algeria - AQIM"
5165,28,3,1,1,"Government of Algeria - AQIM"
2649,36.583333,3,1,6,"Government of Algeria - AQIM"
2729,36.3689,4.2708,1,1,"Government of Algeria - AQIM"
3426,30.5,6.166667,1,1,"Government of Algeria - AQIM"
4544,35.5,5.916667,1,1,"Government of Algeria - AQIM"
1552,28,3,1,0,"Government of Algeria - AQIM"
6351,34.833333,-0.5,1,1,"Government of Algeria - AQIM"
3693,36.564634,3.593296,1,1,"Government of Algeria - AQIM"
3922,36.159444,2.660963,1,2,"Government of Algeria - AQIM"
5811,36.8,5.766667,1,3,"Government of Algeria - AQIM"
4201,35.404167,8.124167,1,1,"Government of Algeria - AQIM"
6485,36.716667,3.666667,1,1,"Government of Algeria - AQIM"
4595,36.745783,4.202774,1,2,"Government of Algeria - AQIM"
4796,34.745124,5.898327,1,1,"Government of Algeria - AQIM"
4925,35,7.833333,1,5,"Government of Algeria - AQIM"
6125,36.08,3,1,1,"Government of Algeria - AQIM"
5019,36.8065,6.1265,1,2,"Government of Algeria - AQIM"
4102,36.711825,4.045914,1,1,"Government of Algeria - AQIM"
2296,35.404167,8.124167,1,3,"Government of Algeria - AQIM"
5481,22.785,5.522778,1,2,"Government of Algeria - AQIM"
2354,36.9,4.116667,1,2,"Government of Algeria - AQIM"
6149,36.785278,3.603611,1,2,"Government of Algeria - AQIM"
2245,36.583333,4,1,1,"Government of Algeria - AQIM"
2228,36.711825,4.045914,1,1,"Government of Algeria - AQIM"
2836,36.711825,4.045914,1,2,"Government of Algeria - AQIM"
2512,36.75,4.25,1,2,"Government of Algeria - AQIM"
3588,36.758965,3.474819,1,1,"Government of Algeria - AQIM"
4909,36.75,4.25,1,3,"Government of Algeria - AQIM"
3234,36.9,4.116667,1,1,"Government of Algeria - AQIM"
4626,36.041132,2.509353,1,2,"Government of Algeria - AQIM"
4242,36.666667,4.916667,1,4,"Government of Algeria - AQIM"
4482,36.075,4.775,1,2,"Government of Algeria - AQIM"
3805,36.75,4.25,1,1,"Government of Algeria - AQIM"
6497,36.75,3.666667,1,5,"Government of Algeria - AQIM"
6733,36.635072,3.590128,1,1,"Government of Algeria - AQIM"
4662,36.734357,3.962229,1,5,"Government of Algeria - AQIM"
4822,36.866667,6.9,1,4,"Government of Algeria - AQIM"
1629,36.75,3.666667,1,0,"Government of Algeria - AQIM"
2601,36.083333,3,1,5,"Government of Algeria - AQIM"
3401,36.083333,3,1,0,"Government of Algeria - AQIM"
4200,35.75,1.75,1,3,"Government of Algeria - AQIM"
3402,36.518656,3.657407,1,1,"Government of Algeria - AQIM"
6193,36.75,3.666667,1,1,"Government of Algeria - AQIM"
2920,34.949671,6.003873,1,10,"Government of Algeria - AQIM"
5704,35.404167,8.124167,1,1,"Government of Algeria - AQIM"
2516,35.5,5.916667,1,3,"Government of Algeria - AQIM"
2418,36.216667,1.666667,1,1,"Government of Algeria - AQIM"
6428,36.672728,3.809568,1,10,"Government of Algeria - AQIM"
6084,28,3,1,1,"Government of Algeria - AQIM"
5802,36.533333,6.7,1,5,"Government of Algeria - AQIM"
6487,34.5,-0.816667,1,1,"Government of Algeria - AQIM"
5206,36.066667,4.466667,1,19,"Government of Algeria - AQIM"
2888,36.083333,4.75,1,11,"Government of Algeria - AQIM"
5155,35,7,1,5,"Government of Algeria - AQIM"
3469,36.066667,4.466667,1,21,"Government of Algeria - AQIM"
4188,36.615116,4.47981,1,1,"Government of Algeria - AQIM"
6324,36.666667,4.916667,1,4,"Government of Algeria - AQIM"
2802,36.7,7.85,1,2,"Government of Algeria - AQIM"
3080,35.016667,7.016667,1,1,"Government of Algeria - AQIM"
3191,35.5,5.916667,1,5,"Government of Algeria - AQIM"
5990,36.75,4.25,1,3,"Government of Algeria - AQIM"
3213,36.883333,4.416667,1,1,"Government of Algeria - AQIM"
4694,36.470039,2.827699,1,1,"Government of Algeria - AQIM"
5109,36.66205,4.08009,1,2,"Government of Algeria - AQIM"
5440,36.932478,6.587763,1,1,"Government of Algeria - AQIM"
3637,36.586111,5.580556,1,1,"Government of Algeria - AQIM"
2392,23.75,4.666667,1,10,"Government of Algeria - AQIM"
2640,35.5,5.916667,1,1,"Government of Algeria - AQIM"
2460,36.7441,3.9005,1,4,"Government of Algeria - AQIM"
4380,36.75,4.25,1,7,"Government of Algeria - AQIM"
6412,35.416667,0.166667,1,2,"Government of Algeria - AQIM"
1726,36.711825,4.045914,1,1,"Government of Algeria - AQIM"
2194,35.025018,6.117613,1,6,"Government of Algeria - AQIM"
2863,36.75,4.25,1,2,"Government of Algeria - AQIM"
2792,35.555278,6.178611,1,8,"Government of Algeria - AQIM"
5237,36.711825,4.045914,1,2,"Government of Algeria - AQIM"
6275,36.55,1.7,1,16,"Government of Algeria - AQIM"
6665,35.5,5.916667,1,14,"Government of Algeria - AQIM"
5055,35.555278,6.178611,1,8,"Government of Algeria - AQIM"
5180,28,3,1,0,"Government of Algeria - AQIM"
3520,36.75587,5.084332,1,3,"Government of Algeria - AQIM"
4880,36.075,4.775,1,3,"Government of Algeria - AQIM"
3118,36.893889,4.123333,1,1,"Government of Algeria - AQIM"
2425,36.287909,1.766967,1,3,"Government of Algeria - AQIM"
5242,36.75,6.833333,1,6,"Government of Algeria - AQIM"
3410,36.55,1.7,1,3,"Government of Algeria - AQIM"
4543,36.748693,3.683237,1,1,"Government of Algeria - AQIM"
2686,36.166667,2.166667,1,3,"Government of Algeria - AQIM"
3068,36.564634,3.593296,1,2,"Government of Algeria - AQIM"
6625,36.744722,4.372222,1,2,"Government of Algeria - AQIM"
5006,36.25,1.25,1,1,"Government of Algeria - AQIM"
5542,36.863837,4.065418,1,2,"Government of Algeria - AQIM"
4557,36.816944,3.857222,1,1,"Government of Algeria - AQIM"
6480,36.25,3.916667,1,2,"Government of Algeria - AQIM"
3195,28,3,1,2,"Government of Algeria - AQIM"
3116,36.79239,3.052174,1,3,"Government of Algeria - AQIM"
2791,34.333333,3.666667,1,4,"Government of Algeria - AQIM"
3428,36.844444,3.987222,1,1,"Government of Algeria - AQIM"
6259,34.2,0.1,1,2,"Government of Algeria - AQIM"
2769,28,3,1,1,"Government of Algeria - AQIM"
2604,30.126673,-2.171278,1,13,"Government of Algeria - AQIM"
1888,27.416667,-5.833333,1,10,"Government of Algeria - AQIM"
2711,36.635072,3.590128,1,2,"Government of Algeria - AQIM"
2985,36.172162,6,1,1,"Government of Algeria - AQIM"
2520,36.75,4.25,1,3,"Government of Algeria - AQIM"
3699,36.166667,5.5,1,1,"Government of Algeria - AQIM"
5833,36.91716,3.913107,1,1,"Government of Algeria - AQIM"
3754,36.08,3,1,1,"Government of Algeria - AQIM"
3097,28,3,1,1,"Government of Algeria - AQIM"
4734,36.533333,6.7,1,3,"Government of Algeria - AQIM"
4148,25.75,-1,1,1,"Government of Algeria - AQIM"
5857,36.75,4.25,1,1,"Government of Algeria - AQIM"
5846,36.75587,5.084332,1,1,"Government of Algeria - AQIM"
4605,36.75,3.666667,1,2,"Government of Algeria - AQIM"
1668,25.75,-1,1,1,"Government of Algeria - AQIM"
4971,36.711825,4.045914,1,3,"Government of Algeria - AQIM"
4964,36.564634,3.593296,1,2,"Government of Algeria - AQIM"
4526,36.166667,2.166667,1,1,"Government of Algeria - AQIM"
6627,36.91716,3.913107,1,1,"Government of Algeria - AQIM"
1641,35.383333,5.9,1,2,"Government of Algeria - AQIM"
2367,36.716667,3.666667,1,3,"Government of Algeria - AQIM"
4112,36.731058,4.563053,1,2,"Government of Algeria - AQIM"
3376,35.885479,3.77236,1,2,"Government of Algeria - AQIM"
3067,36.493889,2.243056,1,1,"Government of Algeria - AQIM"
2957,36.7,5.616666,1,1,"Government of Algeria - AQIM"
2241,35.33333,4.333333,1,0,"Government of Algeria - AQIM"
4294,36.855833,3.866667,1,1,"Government of Algeria - AQIM"
2779,35.214167,4.1825,1,4,"Government of Algeria - AQIM"
6381,36.166667,5.5,1,0,"Government of Algeria - AQIM"
1525,36.773493,4.551606,1,1,"Government of Algeria - AQIM"
2896,36.8,6.15,1,1,"Government of Algeria - AQIM"
4125,36.75,4.25,1,3,"Government of Algeria - AQIM"
5766,35.189937,-0.630846,3,2,"AQIM - Civilians"
5962,35.404167,8.124167,3,4,"AQIM - Civilians"
2558,36.674444,5.4825,3,9,"AQIM - Civilians"
4710,36.711825,4.045914,3,1,"AQIM - Civilians"
6210,35.404167,8.124167,3,1,"AQIM - Civilians"
3106,35,7.833333,3,3,"AQIM - Civilians"
2731,35.2,8.166667,3,1,"AQIM - Civilians"
2650,34.485934,7.518649,3,1,"AQIM - Civilians"
6703,36.667744,3.591152,3,1,"AQIM - Civilians"
1852,35.404167,8.124167,3,2,"AQIM - Civilians"
2660,34.733333,8.05,3,1,"AQIM - Civilians"
2567,36.564709,4.306189,3,2,"AQIM - Civilians"
4123,35.5,5.916667,3,1,"AQIM - Civilians"
2726,36.7441,3.9005,3,4,"AQIM - Civilians"
3012,36.628979,3.612932,3,1,"AQIM - Civilians"
5571,36.476413,3.758767,3,1,"AQIM - Civilians"
2489,34.7,-0.383333,3,1,"AQIM - Civilians"
68661,-5,12.5,1,24,"Government of Angola - FLEC-FAC"
21127,-4.883333,12.75,1,0,"Government of Angola - FLEC-FAC"
21131,-5.55,12.2,1,0,"Government of Angola - FLEC-FAC"
20664,-4.95,12.616667,1,0,"Government of Angola - FLEC-FAC"
22204,-4.95,12.616667,1,0,"Government of Angola - FLEC-FAC"
21928,-4.833333,12.5,1,0,"Government of Angola - FLEC-FAC"
22190,-4.75,12.666667,1,1,"Government of Angola - FLEC-FAC"
22004,-4.95,12.616667,1,0,"Government of Angola - FLEC-FAC"
21297,-4.862822,12.44245,1,0,"Government of Angola - FLEC-FAC"
22717,4.5663,8.5948,3,0,"Government of Cameroon - Civilians"
36210,5.399784,26.486881,1,3,"Government of Uganda - LRA"
36211,5.399784,26.486881,1,4,"Government of Uganda - LRA"
33542,5.399784,26.486881,1,21,"Government of Uganda - LRA"
37213,5.399784,26.486881,1,0,"Government of Uganda - LRA"
33807,5.399784,26.486881,1,1,"Government of Uganda - LRA"
36367,6.066666,25.3,1,2,"Government of Uganda - LRA"
32142,6.046279,25.326075,1,23,"Government of Uganda - LRA"
36212,6.046279,25.326075,1,1,"Government of Uganda - LRA"
37212,5.399784,26.486881,1,1,"Government of Uganda - LRA"
36249,6.046279,25.326075,1,3,"Government of Uganda - LRA"
36252,6.046279,25.326075,1,1,"Government of Uganda - LRA"
22737,8.409167,20.653056,1,0,"Government of Central African Republic - CPJP"
22740,8.98934,20.7325,1,10,"Government of Central African Republic - CPJP"
22828,8.409167,20.653056,1,0,"Government of Central African Republic - CPJP"
22856,8.409167,20.653056,1,7,"Government of Central African Republic - CPJP"
22787,8.409167,20.653056,1,2,"Government of Central African Republic - CPJP"
22738,8.409167,20.653056,1,3,"Government of Central African Republic - CPJP"
22741,9.199026,20.491112,1,4,"Government of Central African Republic - CPJP"
255864,8.98934,20.7325,1,2,"Government of Central African Republic - CPJP"
22842,8.720995,20.669114,3,21,"Government of Central African Republic - Civilians"
32627,5.49906,26.34986,3,5,"LRA - Civilians"
36785,5.37568,26.50548,3,10,"LRA - Civilians"
33879,5.216666,26.6,3,1,"LRA - Civilians"
32364,5.422278,26.480861,3,1,"LRA - Civilians"
32854,5.37568,26.50548,3,2,"LRA - Civilians"
32873,5.399784,26.486881,3,1,"LRA - Civilians"
33898,5.309619,26.543158,3,1,"LRA - Civilians"
36068,5.320485,26.908383,3,1,"LRA - Civilians"
36779,5.33,26.53,3,1,"LRA - Civilians"
36828,5.216666,26.6,3,2,"LRA - Civilians"
37215,5.399784,26.486881,3,1,"LRA - Civilians"
256002,5.422278,26.480861,3,6,"LRA - Civilians"
255997,5.399784,26.486881,3,7,"LRA - Civilians"
255998,5.33,26.53,3,7,"LRA - Civilians"
255999,5.2614,26.582591,3,7,"LRA - Civilians"
256000,5.216666,26.6,3,7,"LRA - Civilians"
256001,5.37568,26.50548,3,6,"LRA - Civilians"
36042,5.410461,27.195648,3,1,"LRA - Civilians"
33378,5.410461,27.195648,3,1,"LRA - Civilians"
32176,5.422278,26.480861,3,1,"LRA - Civilians"
256012,5.399784,26.486881,3,2,"LRA - Civilians"
33531,5.259993,26.161478,3,4,"LRA - Civilians"
34194,5.216666,26.6,3,5,"LRA - Civilians"
32862,5.318001,25.955293,3,3,"LRA - Civilians"
36895,5.7,25.583333,3,3,"LRA - Civilians"
37214,5.399784,26.486881,3,2,"LRA - Civilians"
33899,5.309619,26.543158,3,1,"LRA - Civilians"
33181,5.318001,25.955293,3,7,"LRA - Civilians"
33808,5.399784,26.486881,3,1,"LRA - Civilians"
36521,5.264812,26.187124,3,2,"LRA - Civilians"
36041,5.410461,27.195648,3,1,"LRA - Civilians"
36520,5.264812,26.187124,3,1,"LRA - Civilians"
33307,5.410461,27.195648,3,3,"LRA - Civilians"
33365,5.399784,26.486881,3,3,"LRA - Civilians"
33806,5.399784,26.486881,3,3,"LRA - Civilians"
32177,6.046279,25.326075,3,8,"LRA - Civilians"
32188,6.066666,25.3,3,1,"LRA - Civilians"
32191,6.046279,25.326075,3,3,"LRA - Civilians"
33313,5.77849,24.85997,3,1,"LRA - Civilians"
33924,5.399784,26.486881,3,1,"LRA - Civilians"
36250,6.046279,25.326075,3,11,"LRA - Civilians"
12132,14.216667,22.416667,1,1,"Government of Chad - UFR"
11988,12.4,20.916667,1,50,"Government of Chad - UFR"
12330,12.766667,20.483333,1,50,"Government of Chad - UFR"
12332,12.766667,20.483333,1,22,"Government of Chad - UFR"
12265,14.533333,20.916667,1,2,"Government of Chad - UFR"
12061,12.016667,21.683333,1,3,"Government of Chad - UFR"
12344,12.216667,21.416667,1,3,"Government of Chad - UFR"
12135,10.946947,22.843741,1,0,"Government of Chad - UFR"
7575,15.55,22.91,1,1,"Government of Sudan - JEM"
8063,15.55,22.91,1,1,"Government of Sudan - JEM"
8194,15,21.5,1,1,"Government of Sudan - JEM"
9040,15,21.5,1,1,"Government of Sudan - JEM"
37059,3.751221,29.5185,1,10,"Government of Uganda - LRA"
33140,3.616667,28.566667,1,3,"Government of Uganda - LRA"
37460,3.52185,29.415944,1,4,"Government of Uganda - LRA"
36289,4.643622,23.440319,1,9,"Government of Uganda - LRA"
36279,4.733333,27.7,1,1,"Government of Uganda - LRA"
33201,4.195592,29.480934,1,1,"Government of Uganda - LRA"
32143,3.616667,28.566667,1,2,"Government of Uganda - LRA"
33358,4.066849,28.674952,1,3,"Government of Uganda - LRA"
37406,4.116667,27.766666,1,9,"Government of Uganda - LRA"
37611,4.20967,29.216091,1,5,"Government of Uganda - LRA"
36287,2.766666,27.616666,1,4,"Government of Uganda - LRA"
33345,3.907417,28.375776,1,2,"Government of Uganda - LRA"
36844,3.760205,28.959212,1,2,"Government of Uganda - LRA"
36384,4.267515,29.515512,1,1,"Government of Uganda - LRA"
36045,4.183333,27.066667,1,11,"Government of Uganda - LRA"
37107,3.907417,28.375776,1,19,"Government of Uganda - LRA"
35890,3.866666,30.233333,1,1,"Government of Uganda - LRA"
32669,2.766667,27.616667,1,4,"Government of Uganda - LRA"
36383,4.267515,29.515512,1,18,"Government of Uganda - LRA"
36318,4.246294,28.752718,1,1,"Government of Uganda - LRA"
33560,3.465815,29.70809,1,2,"Government of Uganda - LRA"
33894,4.183333,27.066667,1,8,"Government of Uganda - LRA"
32363,4.733333,27.55,1,3,"Government of Uganda - LRA"
36241,3.996967,26.449789,1,1,"Government of Uganda - LRA"
36356,3.735032,29.709968,1,1,"Government of Uganda - LRA"
36284,2.766666,27.616666,1,14,"Government of Uganda - LRA"
36051,4.15,27.9,1,4,"Government of Uganda - LRA"
37623,3.05,29.533333,1,1,"Government of Uganda - LRA"
36248,4.4,25.783333,1,3,"Government of Uganda - LRA"
36281,2.766666,27.616666,1,3,"Government of Uganda - LRA"
37104,3.907417,28.375776,1,2,"Government of Uganda - LRA"
37528,3.416666,27.666666,1,2,"Government of Uganda - LRA"
24286,-0.666667,28.75,3,198,"Government of DR Congo (Zaire) - Civilians"
40013,4.15,27.9,3,7,"Government of DR Congo (Zaire) - Civilians"
39817,4.102173,28.103872,3,1,"Government of DR Congo (Zaire) - Civilians"
23986,-1.216054,28.744677,3,4,"Government of DR Congo (Zaire) - Civilians"
23038,-1.74,28.6725,3,13,"Government of DR Congo (Zaire) - Civilians"
24348,-1.30359,28.731093,3,2,"Government of DR Congo (Zaire) - Civilians"
24001,-1.30359,28.731093,3,5,"Government of DR Congo (Zaire) - Civilians"
23950,-0.582341,29.023816,3,2,"Government of DR Congo (Zaire) - Civilians"
23949,-0.582341,29.023816,3,1,"Government of DR Congo (Zaire) - Civilians"
23626,-0.581217,29.081264,3,3,"Government of DR Congo (Zaire) - Civilians"
23619,-1.319167,28.685833,3,2,"Government of DR Congo (Zaire) - Civilians"
23801,-0.56,29.2,3,1,"Government of DR Congo (Zaire) - Civilians"
24275,-1.28744,28.868418,3,1,"Government of DR Congo (Zaire) - Civilians"
23581,-0.711111,29.173056,3,1,"Government of DR Congo (Zaire) - Civilians"
23948,-0.166667,29.233333,3,1,"Government of DR Congo (Zaire) - Civilians"
23538,-2.0496,28.5213,3,1,"Government of DR Congo (Zaire) - Civilians"
23953,-0.166667,29.233333,3,1,"Government of DR Congo (Zaire) - Civilians"
23954,-0.166667,29.233333,3,1,"Government of DR Congo (Zaire) - Civilians"
23869,2.766667,27.616667,3,1,"Government of DR Congo (Zaire) - Civilians"
23561,-0.6,29.32,3,1,"Government of DR Congo (Zaire) - Civilians"
23558,-1.75,29.01,3,1,"Government of DR Congo (Zaire) - Civilians"
24046,-1.14282,29.115709,3,5,"Government of DR Congo (Zaire) - Civilians"
24349,-1.30359,28.731093,3,11,"Government of DR Congo (Zaire) - Civilians"
24444,-1.68161,28.73328,3,2,"Government of DR Congo (Zaire) - Civilians"
23705,-1.556103,28.6684,3,2,"Government of DR Congo (Zaire) - Civilians"
23946,-0.166667,29.233333,3,1,"Government of DR Congo (Zaire) - Civilians"
23800,-0.56,29.2,3,1,"Government of DR Congo (Zaire) - Civilians"
23620,-0.16,28.98,3,4,"Government of DR Congo (Zaire) - Civilians"
23506,-1.12,29.45,3,1,"Government of DR Congo (Zaire) - Civilians"
23859,-1.184167,29.448889,3,1,"Government of DR Congo (Zaire) - Civilians"
24004,-1.30359,28.731093,3,1,"Government of DR Congo (Zaire) - Civilians"
24339,-1.30359,28.731093,3,1,"Government of DR Congo (Zaire) - Civilians"
24484,-0.766812,29.183165,3,1,"Government of DR Congo (Zaire) - Civilians"
24096,-1.4,28.816667,3,2,"Government of DR Congo (Zaire) - Civilians"
24109,-1.370951,28.666854,3,1,"Government of DR Congo (Zaire) - Civilians"
23667,-0.99174,29.44687,3,1,"Government of DR Congo (Zaire) - Civilians"
23077,-1.790833,29.001667,3,9,"Government of DR Congo (Zaire) - Civilians"
23036,-1.74,28.6725,3,49,"Government of DR Congo (Zaire) - Civilians"
24691,-1.79,28.62,3,50,"Government of DR Congo (Zaire) - Civilians"
24699,-1.694006,28.477637,3,80,"Government of DR Congo (Zaire) - Civilians"
24693,-1.416667,28.05,3,10,"Government of DR Congo (Zaire) - Civilians"
23668,-0.99174,29.44687,3,1,"Government of DR Congo (Zaire) - Civilians"
23621,-0.16,28.98,3,4,"Government of DR Congo (Zaire) - Civilians"
23185,-1.192328,29.430889,3,1,"Government of DR Congo (Zaire) - Civilians"
24566,-3.16667,28.25,3,2,"Government of DR Congo (Zaire) - Civilians"
24694,-1.416667,28.05,3,10,"Government of DR Congo (Zaire) - Civilians"
24683,-1.416667,28.05,3,15,"Government of DR Congo (Zaire) - Civilians"
24485,-0.883101,29.566521,3,3,"Government of DR Congo (Zaire) - Civilians"
24090,-1.30359,28.731093,3,2,"Government of DR Congo (Zaire) - Civilians"
23415,-1.868868,28.446529,3,1,"Government of DR Congo (Zaire) - Civilians"
24352,-1.30359,28.731093,3,62,"Government of DR Congo (Zaire) - Civilians"
24347,-1.30359,28.731093,3,5,"Government of DR Congo (Zaire) - Civilians"
23522,-2.083203,28.588392,3,1,"Government of DR Congo (Zaire) - Civilians"
24329,-0.666667,28.75,3,2,"Government of DR Congo (Zaire) - Civilians"
24445,-1.68161,28.73328,3,1,"Government of DR Congo (Zaire) - Civilians"
23408,4.733333,27.7,3,2,"Government of DR Congo (Zaire) - Civilians"
23419,-1.866111,28.449722,3,1,"Government of DR Congo (Zaire) - Civilians"
24441,-1.68161,28.73328,3,1,"Government of DR Congo (Zaire) - Civilians"
24534,-2.3126,27.4772,3,1,"Government of DR Congo (Zaire) - Civilians"
23694,-1.50446,29.3414,3,2,"Government of DR Congo (Zaire) - Civilians"
24363,-0.883101,29.566521,3,1,"Government of DR Congo (Zaire) - Civilians"
24362,-0.883101,29.566521,3,1,"Government of DR Congo (Zaire) - Civilians"
23833,-0.95,29.55,3,4,"Government of DR Congo (Zaire) - Civilians"
24346,-1.30359,28.731093,3,6,"Government of DR Congo (Zaire) - Civilians"
24361,-1.790833,29.001667,3,1,"Government of DR Congo (Zaire) - Civilians"
24479,-1.011999,29.3493,3,2,"Government of DR Congo (Zaire) - Civilians"
24700,-1.466667,28.5,3,1,"Government of DR Congo (Zaire) - Civilians"
24732,-1.81,28.79,3,1,"Government of DR Congo (Zaire) - Civilians"
23245,-2.73647,28.61463,3,2,"Government of DR Congo (Zaire) - Civilians"
23535,-1.4,28.816667,3,1,"Government of DR Congo (Zaire) - Civilians"
23951,-0.6913,29.1487,3,1,"Government of DR Congo (Zaire) - Civilians"
24002,-1.30359,28.731093,3,1,"Government of DR Congo (Zaire) - Civilians"
24345,-1.30359,28.731093,3,7,"Government of DR Congo (Zaire) - Civilians"
24342,-1.30359,28.731093,3,5,"Government of DR Congo (Zaire) - Civilians"
24098,-1.30359,28.731093,3,22,"Government of DR Congo (Zaire) - Civilians"
24099,-1.30359,28.731093,3,3,"Government of DR Congo (Zaire) - Civilians"
24105,-1.35361,28.8021,3,2,"Government of DR Congo (Zaire) - Civilians"
23661,-1.5642,28.7238,3,1,"Government of DR Congo (Zaire) - Civilians"
24097,-1.7166,28.758843,3,1,"Government of DR Congo (Zaire) - Civilians"
23857,-1.157667,29.431222,3,1,"Government of DR Congo (Zaire) - Civilians"
23532,-2.079717,28.769754,3,1,"Government of DR Congo (Zaire) - Civilians"
23411,4.15,27.9,3,2,"Government of DR Congo (Zaire) - Civilians"
24003,-1.30359,28.731093,3,6,"Government of DR Congo (Zaire) - Civilians"
24039,-1.30359,28.731093,3,17,"Government of DR Congo (Zaire) - Civilians"
24040,-1.241311,28.696,3,20,"Government of DR Congo (Zaire) - Civilians"
24041,-1.30359,28.731093,3,7,"Government of DR Congo (Zaire) - Civilians"
24042,-1.30359,28.731093,3,9,"Government of DR Congo (Zaire) - Civilians"
24043,-1.25427,28.97987,3,28,"Government of DR Congo (Zaire) - Civilians"
23041,-1.71,28.98,3,2,"Government of DR Congo (Zaire) - Civilians"
24621,-2.90435,28.9964,3,1,"Government of DR Congo (Zaire) - Civilians"
23666,-0.99174,29.44687,3,2,"Government of DR Congo (Zaire) - Civilians"
23947,-0.712194,29.056317,3,2,"Government of DR Congo (Zaire) - Civilians"
24341,-1.30359,28.731093,3,50,"Government of DR Congo (Zaire) - Civilians"
23987,-1.216054,28.744677,3,3,"Government of DR Congo (Zaire) - Civilians"
24657,-1,29.25,3,6,"Government of DR Congo (Zaire) - Civilians"
23633,-0.26,29.02,3,1,"Government of DR Congo (Zaire) - Civilians"
24091,-1.4,28.816667,3,3,"Government of DR Congo (Zaire) - Civilians"
24448,-1.216667,29.383333,3,6,"Government of DR Congo (Zaire) - Civilians"
23528,-1.78,28.69,3,10,"Government of DR Congo (Zaire) - Civilians"
23033,-1.31,27.93,3,1,"Government of DR Congo (Zaire) - Civilians"
24048,-1.14282,29.115709,3,3,"Government of DR Congo (Zaire) - Civilians"
23708,-1.243656,28.724173,3,8,"Government of DR Congo (Zaire) - Civilians"
24343,-1.30359,28.731093,3,7,"Government of DR Congo (Zaire) - Civilians"
24344,-1.30359,28.731093,3,9,"Government of DR Congo (Zaire) - Civilians"
23955,-0.392338,29.192731,3,2,"Government of DR Congo (Zaire) - Civilians"
23579,-0.711111,29.173056,3,1,"Government of DR Congo (Zaire) - Civilians"
23244,-2.29,28.8,3,1,"Government of DR Congo (Zaire) - Civilians"
23594,-0.711111,29.173056,3,1,"Government of DR Congo (Zaire) - Civilians"
23531,-1.78,28.69,3,4,"Government of DR Congo (Zaire) - Civilians"
24340,-1.227668,28.744857,3,6,"Government of DR Congo (Zaire) - Civilians"
24095,-1.30359,28.731093,3,1,"Government of DR Congo (Zaire) - Civilians"
23181,-2.066667,28.566667,3,1,"Government of DR Congo (Zaire) - Civilians"
24008,0.4605,29.2102,3,3,"Government of DR Congo (Zaire) - Civilians"
23945,-0.6,29.016667,3,6,"Government of DR Congo (Zaire) - Civilians"
23412,3.616667,28.566667,3,3,"Government of DR Congo (Zaire) - Civilians"
40017,-1.045165,29.427336,3,7,"Government of Rwanda - Civilians"
33609,-1.4,28.816667,3,3,"Government of Rwanda - Civilians"
39762,-1.13217,28.8102,3,2,"Government of Rwanda - Civilians"
39753,-1.4,28.816667,3,3,"Government of Rwanda - Civilians"
39912,-1.216054,28.744677,3,90,"Government of Rwanda - Civilians"
39941,-1.348769,28.092241,3,40,"Government of Rwanda - Civilians"
39968,-1.25427,28.97987,3,9,"Government of Rwanda - Civilians"
40001,-0.166667,29.233333,3,1,"Government of Rwanda - Civilians"
39424,-1.416667,28.05,3,20,"Government of Rwanda - Civilians"
34437,-1.25427,28.97987,3,3,"Government of Rwanda - Civilians"
32475,-1.71,28.98,3,2,"Government of Rwanda - Civilians"
32944,-1.2571,28.7487,3,13,"Government of Rwanda - Civilians"
39382,-1.816667,28.8,3,1,"Government of Rwanda - Civilians"
39872,-1.416667,28.05,3,1,"Government of Rwanda - Civilians"
40057,-0.6,29.3,3,1,"Government of Rwanda - Civilians"
39996,-1.5353,29.0236,3,1,"Government of Rwanda - Civilians"
39997,-1.580622,28.961544,3,4,"Government of Rwanda - Civilians"
32386,4.92898,27.352888,3,7,"LRA - Civilians"
36436,3.883333,27.266667,3,45,"LRA - Civilians"
36625,4.8,27.65,3,27,"LRA - Civilians"
37055,3.751221,29.5185,3,9,"LRA - Civilians"
34220,4.183333,28.183333,3,10,"LRA - Civilians"
37099,4.2,28.033333,3,8,"LRA - Civilians"
37458,3.52185,29.415944,3,8,"LRA - Civilians"
36360,3.735032,29.709968,3,115,"LRA - Civilians"
32671,4.733333,27.55,3,1,"LRA - Civilians"
33229,4.166667,27.083333,3,5,"LRA - Civilians"
36573,4.102173,28.103872,3,15,"LRA - Civilians"
33561,3.4,29.583333,3,11,"LRA - Civilians"
32189,4.733333,27.55,3,1,"LRA - Civilians"
33774,3.4,29.583333,3,8,"LRA - Civilians"
36369,3.681847,29.127486,3,1,"LRA - Civilians"
36316,4.246294,28.752718,3,4,"LRA - Civilians"
36319,4.246294,28.752718,3,4,"LRA - Civilians"
36243,4.333333,27.766666,3,25,"LRA - Civilians"
37543,3.330716,29.177174,3,100,"LRA - Civilians"
32175,3.7,27.883333,3,2,"LRA - Civilians"
32197,3.616667,28.566667,3,0,"LRA - Civilians"
33351,3.585363,27.587666,3,1,"LRA - Civilians"
37453,3.52185,29.415944,3,2,"LRA - Civilians"
37108,3.907417,28.375776,3,1,"LRA - Civilians"
35887,3.866666,30.233333,3,6,"LRA - Civilians"
36304,3.616667,28.566667,3,1,"LRA - Civilians"
36303,3.616667,28.566667,3,1,"LRA - Civilians"
35930,3.45,29.416667,3,4,"LRA - Civilians"
33523,4.066849,28.674952,3,1,"LRA - Civilians"
35964,4.033333,25.866666,3,1,"LRA - Civilians"
36368,4.733333,27.55,3,4,"LRA - Civilians"
37452,3.52185,29.415944,3,1,"LRA - Civilians"
37056,3.751221,29.5185,3,6,"LRA - Civilians"
33505,4.333333,27.766666,3,1,"LRA - Civilians"
36044,4.465551,27.305998,3,4,"LRA - Civilians"
36355,3.735032,29.709968,3,1,"LRA - Civilians"
36054,4.99331,27.40093,3,2,"LRA - Civilians"
36055,4.99331,27.40093,3,7,"LRA - Civilians"
33388,4.333333,27.766666,3,3,"LRA - Civilians"
37100,4.774002,27.631852,3,5,"LRA - Civilians"
36046,4.183333,27.066667,3,30,"LRA - Civilians"
36439,2.766667,27.616667,3,12,"LRA - Civilians"
36096,3.901527,26.757787,3,2,"LRA - Civilians"
32670,1.45,29.866667,3,3,"LRA - Civilians"
33770,3.100369,29.834697,3,10,"LRA - Civilians"
35886,3.866666,30.233333,3,4,"LRA - Civilians"
37465,3.492407,29.734797,3,36,"LRA - Civilians"
36083,4.166667,27.083333,3,2,"LRA - Civilians"
36312,3.616667,28.566667,3,5,"LRA - Civilians"
36310,3.616667,28.566667,3,2,"LRA - Civilians"
32630,4.579377,25.820647,3,4,"LRA - Civilians"
32370,3.5,27,3,43,"LRA - Civilians"
36305,3.616667,28.566667,3,1,"LRA - Civilians"
35891,3.866666,30.233333,3,8,"LRA - Civilians"
36358,3.735032,29.709968,3,23,"LRA - Civilians"
32161,3.5,27,3,26,"LRA - Civilians"
33386,3.901527,26.757787,3,3,"LRA - Civilians"
32680,4.633333,27.233333,3,3,"LRA - Civilians"
36050,4.15,27.9,3,6,"LRA - Civilians"
36277,4.733333,27.7,3,6,"LRA - Civilians"
36039,4.203743,27.194,3,5,"LRA - Civilians"
36244,4.4,25.783333,3,22,"LRA - Civilians"
34142,3.65,26.066666,3,1,"LRA - Civilians"
32892,4.579377,25.820647,3,2,"LRA - Civilians"
37433,4.566666,25.816666,3,2,"LRA - Civilians"
36245,4.4,25.783333,3,2,"LRA - Civilians"
37084,4.193367,28.765371,3,1,"LRA - Civilians"
34135,4.15,27.9,3,3,"LRA - Civilians"
37086,3.964763,27.931615,3,6,"LRA - Civilians"
36917,3.516666,27.483333,3,63,"LRA - Civilians"
36918,3.516666,27.483333,3,6,"LRA - Civilians"
36908,3.758155,27.369894,3,62,"LRA - Civilians"
36963,3.616666,27.466666,3,172,"LRA - Civilians"
37109,3.484241,27.551522,3,24,"LRA - Civilians"
37527,3.416666,27.666666,3,10,"LRA - Civilians"
36674,3.585363,27.587666,3,5,"LRA - Civilians"
33327,3.585363,27.587666,3,3,"LRA - Civilians"
37557,3.685127,27.474761,3,8,"LRA - Civilians"
40069,-1.81,28.79,3,40,"FDLR-FOCA - Civilians"
39479,-2.6,28.63,3,19,"FDLR-FOCA - Civilians"
39452,-0.542691,29.044905,3,8,"FDLR-FOCA - Civilians"
39622,-1.370951,28.666854,3,2,"FDLR-FOCA - Civilians"
40076,-1.466667,28.5,3,1,"FDLR-FOCA - Civilians"
40070,-0.315363,28.120945,3,2,"FDLR-FOCA - Civilians"
40178,-1.581379,28.37098,3,1,"FDLR-FOCA - Civilians"
40087,-0.566667,29.3,3,1,"FDLR-FOCA - Civilians"
39530,-0.566667,29.3,3,2,"FDLR-FOCA - Civilians"
39371,-0.366667,29.3,3,1,"FDLR-FOCA - Civilians"
39367,-1.7166,28.758843,3,2,"FDLR-FOCA - Civilians"
39525,-1.671519,29.001111,3,3,"FDLR-FOCA - Civilians"
39509,-1.7166,28.758843,3,9,"FDLR-FOCA - Civilians"
39456,-1.7166,28.758843,3,1,"FDLR-FOCA - Civilians"
39623,-1.68161,28.73328,3,7,"FDLR-FOCA - Civilians"
39555,-1.5642,28.7238,3,2,"FDLR-FOCA - Civilians"
40120,-1.552778,28.78,3,1,"FDLR-FOCA - Civilians"
39906,-1.651944,28.876944,3,1,"FDLR-FOCA - Civilians"
40036,-1.705182,28.733333,3,5,"FDLR-FOCA - Civilians"
39771,-1.705182,28.7,3,1,"FDLR-FOCA - Civilians"
39630,-1.7166,28.758843,3,1,"FDLR-FOCA - Civilians"
39679,-1.7166,28.758843,3,6,"FDLR-FOCA - Civilians"
34662,-1.7166,28.758843,3,3,"FDLR-FOCA - Civilians"
39886,-1.581667,28.484167,3,7,"FDLR-FOCA - Civilians"
39841,-1.809,28.452,3,7,"FDLR-FOCA - Civilians"
40077,-1.694006,28.477637,3,2,"FDLR-FOCA - Civilians"
39579,-1.7166,28.758843,3,8,"FDLR-FOCA - Civilians"
39497,-1.1771,28.2023,3,7,"FDLR-FOCA - Civilians"
39538,-1.581379,28.37098,3,7,"FDLR-FOCA - Civilians"
39469,-1.556103,28.6684,3,4,"FDLR-FOCA - Civilians"
39477,-1.7166,28.758843,3,11,"FDLR-FOCA - Civilians"
40078,-0.25645,29.00058,3,2,"FDLR-FOCA - Civilians"
40058,-1.82,28.76,3,14,"FDLR-FOCA - Civilians"
40054,-1.590278,29.255278,3,1,"FDLR-FOCA - Civilians"
40125,-1.488934,28.709481,3,3,"FDLR-FOCA - Civilians"
39957,-1.705182,28.733333,3,2,"FDLR-FOCA - Civilians"
39895,-1.403971,28.919656,3,2,"FDLR-FOCA - Civilians"
40023,-1.7166,28.758843,3,1,"FDLR-FOCA - Civilians"
39821,-0.6,29.016667,3,1,"FDLR-FOCA - Civilians"
39447,-1.8,28.74,3,1,"FDLR-FOCA - Civilians"
39339,-1.81848,28.71075,3,4,"FDLR-FOCA - Civilians"
39386,-1.87863,28.89922,3,2,"FDLR-FOCA - Civilians"
40327,-1.694006,28.477637,3,3,"FDLR-FOCA - Civilians"
39711,-1.81,28.79,3,1,"FDLR-FOCA - Civilians"
40121,-1.403971,28.919656,3,1,"FDLR-FOCA - Civilians"
39993,-1.8,28.74,3,1,"FDLR-FOCA - Civilians"
39827,-1.81,28.79,3,1,"FDLR-FOCA - Civilians"
39387,-2.355278,28.550833,3,1,"FDLR-FOCA - Civilians"
39688,-1.68161,28.73328,3,1,"FDLR-FOCA - Civilians"
39663,-1.80583,28.75167,3,1,"FDLR-FOCA - Civilians"
39775,-2.37062,28.47621,3,3,"FDLR-FOCA - Civilians"
39875,-1.7166,28.758843,3,3,"FDLR-FOCA - Civilians"
39772,-1.7166,28.758843,3,2,"FDLR-FOCA - Civilians"
39389,-1.4,28.816667,3,17,"FDLR-FOCA - Civilians"
39460,-1.7075,29.018056,3,1,"FDLR-FOCA - Civilians"
40122,-1.058194,28.695271,3,1,"FDLR-FOCA - Civilians"
40044,-1.705182,28.733333,3,1,"FDLR-FOCA - Civilians"
40029,-0.315363,28.120945,3,5,"FDLR-FOCA - Civilians"
39921,-1.694006,28.477637,3,1,"FDLR-FOCA - Civilians"
39834,-0.582341,29.023816,3,2,"FDLR-FOCA - Civilians"
39826,-2.32,28.763889,3,1,"FDLR-FOCA - Civilians"
39485,-0.666667,28.75,3,0,"FDLR-FOCA - Civilians"
39478,-1.7166,28.758843,3,2,"FDLR-FOCA - Civilians"
40255,-2.29964,28.58479,3,3,"FDLR-FOCA - Civilians"
39493,-0.666667,28.75,3,34,"FDLR-FOCA - Civilians"
39591,-0.634444,28.867778,3,40,"FDLR-FOCA - Civilians"
40045,-0.955173,29.574007,3,1,"FDLR-FOCA - Civilians"
40055,-0.50731,29.16265,3,1,"FDLR-FOCA - Civilians"
39350,-2.355278,28.550833,3,3,"FDLR-FOCA - Civilians"
39575,-0.955173,29.574007,3,1,"FDLR-FOCA - Civilians"
39717,-0.958,28.822,3,3,"FDLR-FOCA - Civilians"
39828,-1.556103,28.6684,3,1,"FDLR-FOCA - Civilians"
39551,-1.866111,28.449722,3,1,"FDLR-FOCA - Civilians"
39391,-1.81848,28.71075,3,1,"FDLR-FOCA - Civilians"
33678,-0.166667,29.233333,3,6,"FDLR-FOCA - Civilians"
39714,-1.78,28.5,3,1,"FDLR-FOCA - Civilians"
39576,-1.980119,28.473455,3,1,"FDLR-FOCA - Civilians"
40074,-1.679722,28.699722,3,2,"FDLR-FOCA - Civilians"
40052,-1.585556,28.880556,3,3,"FDLR-FOCA - Civilians"
39658,-1.786111,28.708056,3,2,"FDLR-FOCA - Civilians"
39833,-1.74,28.6725,3,2,"FDLR-FOCA - Civilians"
39364,-1.581379,28.37098,3,3,"FDLR-FOCA - Civilians"
39454,-1.231671,28.175729,3,1,"FDLR-FOCA - Civilians"
33006,-2.6,28.63,3,1,"FDLR-FOCA - Civilians"
40147,-1.78,28.5,3,10,"FDLR-FOCA - Civilians"
39586,-1.81,28.79,3,2,"FDLR-FOCA - Civilians"
39876,-1.74,28.6725,3,1,"FDLR-FOCA - Civilians"
40130,-1.705182,28.733333,3,1,"FDLR-FOCA - Civilians"
40144,-1.398889,28.813333,3,3,"FDLR-FOCA - Civilians"
40062,-1.809,28.452,3,1,"FDLR-FOCA - Civilians"
39536,-1.81,28.79,3,1,"FDLR-FOCA - Civilians"
39899,-1.7166,28.758843,3,5,"FDLR-FOCA - Civilians"
39463,-1.78,28.5,3,1,"FDLR-FOCA - Civilians"
39664,-1.8284,28.8194,3,1,"FDLR-FOCA - Civilians"
461116,-2.05812,28.66127,3,1,"FDLR-FOCA - Civilians"
40014,-2.071994,28.550325,3,1,"FDLR-FOCA - Civilians"
40063,-0.54708,29.046189,3,1,"FDLR-FOCA - Civilians"
40064,-1.705182,28.733333,3,2,"FDLR-FOCA - Civilians"
39418,-2.066667,28.566667,3,1,"FDLR-FOCA - Civilians"
40090,-1.416667,28.05,3,6,"FDLR-FOCA - Civilians"
39340,-0.1,29.116667,3,1,"FDLR-FOCA - Civilians"
39344,-1.466667,28.5,3,3,"FDLR-FOCA - Civilians"
40065,-1.81848,28.71075,3,4,"FDLR-FOCA - Civilians"
39901,-1.31,28.66,3,1,"FDLR-FOCA - Civilians"
39652,-1.715278,28.590556,3,1,"FDLR-FOCA - Civilians"
40304,-0.304565,29.138719,3,10,"FDLR-FOCA - Civilians"
40027,-1.694006,28.477637,3,2,"FDLR-FOCA - Civilians"
39439,-1.87863,28.89922,3,1,"FDLR-FOCA - Civilians"
39444,-1.581667,28.484167,3,41,"FDLR-FOCA - Civilians"
40039,-1.183333,29.45,3,1,"FDLR-FOCA - Civilians"
39900,-0.581217,29.081264,3,1,"FDLR-FOCA - Civilians"
40066,-0.616667,29.116667,3,15,"FDLR-FOCA - Civilians"
39428,-0.581217,29.081264,3,10,"FDLR-FOCA - Civilians"
33687,-0.616667,29.116667,3,7,"FDLR-FOCA - Civilians"
39774,-1.35361,28.8021,3,4,"FDLR-FOCA - Civilians"
461118,-2.0588,28.6372,3,1,"FDLR-FOCA - Civilians"
39429,-1.969167,28.751944,3,2,"FDLR-FOCA - Civilians"
39376,-1.971389,28.6725,3,2,"FDLR-FOCA - Civilians"
39368,-1.27,28.56,3,14,"FDLR-FOCA - Civilians"
39539,-1.87863,28.89922,3,1,"FDLR-FOCA - Civilians"
39383,-0.581217,29.081264,3,1,"FDLR-FOCA - Civilians"
39414,-1.715278,28.590556,3,4,"FDLR-FOCA - Civilians"
39720,-1.416667,28.05,3,1,"FDLR-FOCA - Civilians"
39666,-1.694006,28.477637,3,1,"FDLR-FOCA - Civilians"
40067,-1.466667,28.5,3,1,"FDLR-FOCA - Civilians"
39904,-1.1885,28.3383,3,1,"FDLR-FOCA - Civilians"
40037,-1.715278,28.590556,3,1,"FDLR-FOCA - Civilians"
40006,-1.705182,28.733333,3,2,"FDLR-FOCA - Civilians"
39432,-1.705182,28.733333,3,7,"FDLR-FOCA - Civilians"
39507,-1.726483,29.003333,3,1,"FDLR-FOCA - Civilians"
40305,-1.786111,28.708056,3,2,"FDLR-FOCA - Civilians"
40260,-1.034441,28.946031,3,1,"FDLR-FOCA - Civilians"
39470,-1.44,28.15,3,1,"FDLR-FOCA - Civilians"
39385,-1.7166,28.758843,3,2,"FDLR-FOCA - Civilians"
40004,-1.7166,28.758843,3,4,"FDLR-FOCA - Civilians"
40026,-0.315363,28.120945,3,2,"FDLR-FOCA - Civilians"
39563,-1.715278,28.590556,3,27,"FDLR-FOCA - Civilians"
39608,-1.319167,28.685833,3,1,"FDLR-FOCA - Civilians"
40092,-3.038611,28.4325,3,1,"FDLR-FOCA - Civilians"
39589,-2.1,28.916667,3,1,"FDLR-FOCA - Civilians"
39609,-0.966667,28.8,3,2,"FDLR-FOCA - Civilians"
39412,-2.56782,27.99718,3,5,"FDLR-FOCA - Civilians"
40080,-1.100833,28.633056,3,5,"FDLR-FOCA - Civilians"
39794,-1.416667,28.05,3,1,"FDLR-FOCA - Civilians"
39829,-1.80583,28.75167,3,7,"FDLR-FOCA - Civilians"
39445,-2.908333,29.034444,3,1,"FDLR-FOCA - Civilians"
40257,-0.993387,29.504233,3,2,"FDLR-FOCA - Civilians"
39593,-1.80583,28.75167,3,7,"FDLR-FOCA - Civilians"
39547,-1.136389,28.556389,3,2,"FDLR-FOCA - Civilians"
39410,-1.980119,28.473455,3,1,"FDLR-FOCA - Civilians"
39411,-0.966667,28.8,3,2,"FDLR-FOCA - Civilians"
39670,-0.993387,29.504233,3,2,"FDLR-FOCA - Civilians"
40126,-1.416667,28.05,3,3,"FDLR-FOCA - Civilians"
40040,-1.183333,29.45,3,1,"FDLR-FOCA - Civilians"
39776,-0.966667,28.8,3,1,"FDLR-FOCA - Civilians"
39472,-1.4,28.816667,3,16,"FDLR-FOCA - Civilians"
40306,-1.192328,29.430889,3,12,"FDLR-FOCA - Civilians"
39583,-2.102234,28.368472,3,10,"FDLR-FOCA - Civilians"
39566,-2.102234,28.368472,3,10,"FDLR-FOCA - Civilians"
39363,-2.1,28.916667,3,2,"FDLR-FOCA - Civilians"
39378,-1.1771,28.2023,3,10,"FDLR-FOCA - Civilians"
39598,-0.711111,29.173056,3,1,"FDLR-FOCA - Civilians"
39991,-1.7687,28.80883,3,1,"FDLR-FOCA - Civilians"
39625,-0.883101,29.566521,3,1,"FDLR-FOCA - Civilians"
39830,-0.5,29.166667,3,3,"FDLR-FOCA - Civilians"
40127,-0.5,29.166667,3,14,"FDLR-FOCA - Civilians"
40128,-2.225,28.831389,3,2,"FDLR-FOCA - Civilians"
32942,-2.483333,28.8,3,3,"FDLR-FOCA - Civilians"
39866,-0.404167,29.075278,3,1,"FDLR-FOCA - Civilians"
39715,-0.6,29.32,3,1,"FDLR-FOCA - Civilians"
39526,-0.281436,29.2,3,1,"FDLR-FOCA - Civilians"
40298,-1.08075,29.28654,3,1,"FDLR-FOCA - Civilians"
40307,-3.033333,28.433333,3,2,"FDLR-FOCA - Civilians"
39446,-1.2875,29.168056,3,2,"FDLR-FOCA - Civilians"
39581,-2.102234,28.368472,3,1,"FDLR-FOCA - Civilians"
39728,-0.784722,29.290556,3,3,"FDLR-FOCA - Civilians"
40129,-0.994056,29.445654,3,1,"FDLR-FOCA - Civilians"
39379,-0.5,29.166667,3,4,"FDLR-FOCA - Civilians"
39672,-1.8,28.74,3,8,"FDLR-FOCA - Civilians"
39577,-1.68161,28.73328,3,1,"FDLR-FOCA - Civilians"
40032,-1.81848,28.71075,3,2,"FDLR-FOCA - Civilians"
40007,-1.705182,28.733333,3,3,"FDLR-FOCA - Civilians"
39721,-1.81,28.79,3,1,"FDLR-FOCA - Civilians"
39601,-2.483333,28.8,3,1,"FDLR-FOCA - Civilians"
39909,-3.035,28.98,3,1,"FDLR-FOCA - Civilians"
39369,-1.80583,28.75167,3,2,"FDLR-FOCA - Civilians"
39556,-1.79767,28.425817,3,30,"FDLR-FOCA - Civilians"
40068,-3.038611,28.4325,3,1,"FDLR-FOCA - Civilians"
39600,-2.533333,28.4,3,1,"FDLR-FOCA - Civilians"
39544,-2.7,27.333333,3,2,"FDLR-FOCA - Civilians"
39513,-3.033333,28.433333,3,1,"FDLR-FOCA - Civilians"
40148,-2.9686,28.4918,3,1,"FDLR-FOCA - Civilians"
39877,-1.7741,28.8059,3,9,"FDLR-FOCA - Civilians"
39459,-1.466667,28.5,3,19,"FDLR-FOCA - Civilians"
39353,-3.4,29.133333,3,1,"FDLR-FOCA - Civilians"
39770,-1.266667,29.383333,3,2,"FDLR-FOCA - Civilians"
39822,-1.705182,28.733333,3,1,"FDLR-FOCA - Civilians"
40150,-1.266667,29.383333,3,1,"FDLR-FOCA - Civilians"
40308,-2.633333,28.666667,3,4,"FDLR-FOCA - Civilians"
39408,-1.413056,29.373056,3,3,"FDLR-FOCA - Civilians"
39484,-1.7166,28.758843,3,1,"FDLR-FOCA - Civilians"
40151,-2.933333,29,3,1,"FDLR-FOCA - Civilians"
40059,-1.091944,29.331667,3,3,"FDLR-FOCA - Civilians"
40060,-3.464722,29.132222,3,5,"FDLR-FOCA - Civilians"
39722,-3.492355,29.022778,3,6,"FDLR-FOCA - Civilians"
39413,-2.73647,28.61463,3,1,"FDLR-FOCA - Civilians"
39743,-1.581379,28.37098,3,6,"FDLR-FOCA - Civilians"
39462,-3.033333,28.433333,3,1,"FDLR-FOCA - Civilians"
39831,-0.683333,28.983333,3,3,"FDLR-FOCA - Civilians"
40309,-1.964722,28.8656,3,1,"FDLR-FOCA - Civilians"
39699,-3.203175,28.154108,3,1,"FDLR-FOCA - Civilians"
39874,-3.033333,28.433333,3,3,"FDLR-FOCA - Civilians"
40267,-1.694006,28.477637,3,1,"FDLR-FOCA - Civilians"
39669,-0.404167,29.075278,3,1,"FDLR-FOCA - Civilians"
40079,-0.981111,29.071667,3,2,"FDLR-FOCA - Civilians"
40031,-1.983333,28.716667,3,2,"FDLR-FOCA - Civilians"
40035,-1.585556,28.880556,3,1,"FDLR-FOCA - Civilians"
39695,-1.62,28.36,3,1,"FDLR-FOCA - Civilians"
39510,-1.8,28.47,3,1,"FDLR-FOCA - Civilians"
39592,-1.57,28.4,3,3,"FDLR-FOCA - Civilians"
39352,-1.581379,28.37098,3,1,"FDLR-FOCA - Civilians"
39756,-3.055278,28.181944,3,2,"FDLR-FOCA - Civilians"
40311,-0.983819,29.108894,3,2,"FDLR-FOCA - Civilians"
39650,-0.883101,29.566521,3,1,"FDLR-FOCA - Civilians"
39992,-0.99174,29.44687,3,6,"FDLR-FOCA - Civilians"
40141,-0.994056,29.445654,3,10,"FDLR-FOCA - Civilians"
39766,-0.6,29.016667,3,5,"FDLR-FOCA - Civilians"
39749,-0.166667,29.233333,3,2,"FDLR-FOCA - Civilians"
33727,0,25,3,2,"FDLR-FOCA - Civilians"
39689,-0.883101,29.566521,3,1,"FDLR-FOCA - Civilians"
40083,-0.883101,29.566521,3,1,"FDLR-FOCA - Civilians"
39878,-1.283333,28.066667,3,1,"FDLR-FOCA - Civilians"
39832,-1.629722,28.27,3,1,"FDLR-FOCA - Civilians"
40011,-1.092767,27.8617,3,1,"FDLR-FOCA - Civilians"
24009,-1.179077,27.481043,2,6,"CNDP - PARECO"
24164,-3.9346,28.7303,2,4,"Bafulero, Bavira - Banyamulenge"
45224,-0.712194,29.056317,1,9,"Government of Rwanda - FDLR-FOCA"
45304,-1.4,28.816667,1,20,"Government of Rwanda - FDLR-FOCA"
45332,-1.416667,28.05,1,21,"Government of Rwanda - FDLR-FOCA"
45358,-1.183333,29.45,1,21,"Government of Rwanda - FDLR-FOCA"
45366,-0.166667,29.233333,1,9,"Government of Rwanda - FDLR-FOCA"
45313,-0.416667,29.133333,1,4,"Government of Rwanda - FDLR-FOCA"
45314,-1.4,28.816667,1,3,"Government of Rwanda - FDLR-FOCA"
45293,-1.4,28.816667,1,0,"Government of Rwanda - FDLR-FOCA"
45336,-1.184167,29.448889,1,0,"Government of Rwanda - FDLR-FOCA"
45376,-0.37,28.64,1,7,"Government of Rwanda - FDLR-FOCA"
45361,-1.319167,28.685833,1,0,"Government of Rwanda - FDLR-FOCA"
45380,-1.30359,28.731093,1,1,"Government of Rwanda - FDLR-FOCA"
45321,-1.78,28.5,1,5,"Government of Rwanda - FDLR-FOCA"
45312,-1.66,28.35,1,6,"Government of Rwanda - FDLR-FOCA"
45319,-0.666667,28.75,1,473,"Government of Rwanda - FDLR-FOCA"
45363,-3.16667,28.25,1,473,"Government of Rwanda - FDLR-FOCA"
45323,-0.666667,28.75,1,0,"Government of Rwanda - FDLR-FOCA"
45353,-1.398889,28.813333,1,3,"Government of Rwanda - FDLR-FOCA"
461103,-2.0937,28.5853,1,3,"Government of Rwanda - FDLR-FOCA"
45356,-1.581667,28.484167,1,35,"Government of Rwanda - FDLR-FOCA"
45352,-2.1,28.916667,1,8,"Government of Rwanda - FDLR-FOCA"
45306,-1.4,28.816667,1,8,"Government of Rwanda - FDLR-FOCA"
45299,-1.416667,28.05,1,8,"Government of Rwanda - FDLR-FOCA"
45290,-2.7,27.333333,1,7,"Government of Rwanda - FDLR-FOCA"
45339,-0.783333,29.116667,1,2,"Government of Rwanda - FDLR-FOCA"
45373,-1.715278,28.590556,1,50,"Government of Rwanda - FDLR-FOCA"
45371,-0.634444,28.867778,1,2,"Government of Rwanda - FDLR-FOCA"
45343,-0.65,28.95,1,3,"Government of Rwanda - FDLR-FOCA"
45315,-1.095556,29.383889,1,2,"Government of Rwanda - FDLR-FOCA"
45308,-1.095556,29.383889,1,3,"Government of Rwanda - FDLR-FOCA"
45302,-1.30359,28.731093,1,4,"Government of Rwanda - FDLR-FOCA"
45340,-2.508333,28.860833,1,10,"Government of Rwanda - FDLR-FOCA"
45317,-3.55,26.716667,1,2,"Government of Rwanda - FDLR-FOCA"
45297,-2.6171,28.5258,1,1,"Government of Rwanda - FDLR-FOCA"
45359,-2.5408,28.3866,1,1,"Government of Rwanda - FDLR-FOCA"
45310,-0.634444,28.867778,1,6,"Government of Rwanda - FDLR-FOCA"
45387,-0.683333,28.983333,1,5,"Government of Rwanda - FDLR-FOCA"
45360,-2.866667,28.45,1,4,"Government of Rwanda - FDLR-FOCA"
45378,-0.166667,29.233333,1,3,"Government of Rwanda - FDLR-FOCA"
45384,-2.225,28.831389,1,3,"Government of Rwanda - FDLR-FOCA"
45325,-1.184167,29.448889,1,2,"Government of Rwanda - FDLR-FOCA"
45298,-1.183333,29.45,1,2,"Government of Rwanda - FDLR-FOCA"
45320,-1.30359,28.731093,1,32,"Government of Rwanda - FDLR-FOCA"
45335,-1.2571,28.7487,1,6,"Government of Rwanda - FDLR-FOCA"
45351,-1.4,28.816667,1,1,"Government of Rwanda - FDLR-FOCA"
45362,-1.252802,28.922378,1,2,"Government of Rwanda - FDLR-FOCA"
45316,-0.682222,29.386667,1,7,"Government of Rwanda - FDLR-FOCA"
45318,-0.994056,29.445654,1,2,"Government of Rwanda - FDLR-FOCA"
45334,-0.5,29.166667,1,20,"Government of Rwanda - FDLR-FOCA"
45342,-0.404167,29.075278,1,3,"Government of Rwanda - FDLR-FOCA"
45331,-3.16667,28.25,1,343,"Government of Rwanda - FDLR-FOCA"
45381,1.5625,30.248417,1,22,"Government of Rwanda - FDLR-FOCA"
45350,-1.79767,28.425817,1,8,"Government of Rwanda - FDLR-FOCA"
45367,-0.37,28.64,1,30,"Government of Rwanda - FDLR-FOCA"
45365,-2.74983,28.592222,1,3,"Government of Rwanda - FDLR-FOCA"
45324,-3.041197,28.753743,1,14,"Government of Rwanda - FDLR-FOCA"
45330,-2.479197,28.539738,1,2,"Government of Rwanda - FDLR-FOCA"
45307,-3.033333,28.433333,1,2,"Government of Rwanda - FDLR-FOCA"
45377,-3.033333,28.433333,1,24,"Government of Rwanda - FDLR-FOCA"
45327,-1.157667,29.431222,1,3,"Government of Rwanda - FDLR-FOCA"
45345,-3.083333,29.116667,1,7,"Government of Rwanda - FDLR-FOCA"
45364,-3.045,29.143056,1,3,"Government of Rwanda - FDLR-FOCA"
45326,-4.042667,28.097667,1,5,"Government of Rwanda - FDLR-FOCA"
45309,-4,28.116667,1,4,"Government of Rwanda - FDLR-FOCA"
45305,-4.066667,28.166667,1,4,"Government of Rwanda - FDLR-FOCA"
45295,-0.994056,29.445654,1,4,"Government of Rwanda - FDLR-FOCA"
45385,-1.466667,28.5,1,15,"Government of Rwanda - FDLR-FOCA"
45349,-1.2571,28.7487,1,4,"Government of Rwanda - FDLR-FOCA"
45289,-1.416667,28.05,1,1,"Government of Rwanda - FDLR-FOCA"
45301,-1.216054,28.744677,1,3,"Government of Rwanda - FDLR-FOCA"
45357,-1.679722,28.699722,1,4,"Government of Rwanda - FDLR-FOCA"
34801,6.50611,43.49222,1,1,"Government of Ethiopia - ONLF"
34718,7.5,46,1,12,"Government of Ethiopia - ONLF"
34671,8.220556,43.557222,1,15,"Government of Ethiopia - ONLF"
35039,8.13333,42.3,1,14,"Government of Ethiopia - ONLF"
34668,8.220556,43.557222,1,0,"Government of Ethiopia - ONLF"
34631,5.24361,44.73194,1,25,"Government of Ethiopia - ONLF"
34669,8.220556,43.557222,1,0,"Government of Ethiopia - ONLF"
34905,7,45.233333,1,2,"Government of Ethiopia - ONLF"
34974,7.067335,42.594897,1,0,"Government of Ethiopia - ONLF"
32799,6.454136,42.399339,1,0,"Government of Ethiopia - ONLF"
32734,7,44,1,0,"Government of Ethiopia - ONLF"
34676,6.163697,42.494589,1,0,"Government of Ethiopia - ONLF"
34746,8.13333,42.3,1,0,"Government of Ethiopia - ONLF"
35032,6.09167,44.76361,1,4,"Government of Ethiopia - ONLF"
34813,8.220556,43.557222,1,0,"Government of Ethiopia - ONLF"
34721,7.259214,44.531777,1,0,"Government of Ethiopia - ONLF"
35041,6.919659,44.149399,1,0,"Government of Ethiopia - ONLF"
34786,7.595833,43.774166,1,0,"Government of Ethiopia - ONLF"
34648,7.560831,42.963969,1,0,"Government of Ethiopia - ONLF"
35015,7.595833,43.774166,1,0,"Government of Ethiopia - ONLF"
35031,7,44,1,0,"Government of Ethiopia - ONLF"
34982,7.98333,43.01667,1,0,"Government of Ethiopia - ONLF"
33434,7,44,1,0,"Government of Ethiopia - ONLF"
34945,7.666667,42.83333,1,0,"Government of Ethiopia - ONLF"
35011,6.829267,44.961192,1,0,"Government of Ethiopia - ONLF"
35079,6.75,43.333333,1,0,"Government of Ethiopia - ONLF"
34820,8.118,43.391,1,0,"Government of Ethiopia - ONLF"
35049,7,44,1,0,"Government of Ethiopia - ONLF"
33241,7,44,1,0,"Government of Ethiopia - ONLF"
34904,9.30944,42.12583,1,0,"Government of Ethiopia - ONLF"
35105,8.13333,42.3,1,0,"Government of Ethiopia - ONLF"
32749,8.13333,42.3,1,0,"Government of Ethiopia - ONLF"
35023,8.13333,42.3,1,0,"Government of Ethiopia - ONLF"
34789,7,44,1,0,"Government of Ethiopia - ONLF"
34814,8.13333,42.3,1,0,"Government of Ethiopia - ONLF"
34856,9.12195,42.7927,1,0,"Government of Ethiopia - ONLF"
34818,6.83611,44.315,1,0,"Government of Ethiopia - ONLF"
35003,7,44,1,0,"Government of Ethiopia - ONLF"
34987,9.12195,42.7927,1,0,"Government of Ethiopia - ONLF"
34983,9.25,43,1,0,"Government of Ethiopia - ONLF"
34906,5.954172,43.554303,1,0,"Government of Ethiopia - ONLF"
35076,9.68806,41.84472,1,0,"Government of Ethiopia - ONLF"
34643,7,44,1,0,"Government of Ethiopia - ONLF"
34651,6.919659,44.149399,1,0,"Government of Ethiopia - ONLF"
34772,7,44,1,0,"Government of Ethiopia - ONLF"
32296,8.13333,42.3,1,0,"Government of Ethiopia - ONLF"
34734,8.13333,42.3,1,0,"Government of Ethiopia - ONLF"
34687,7.22031,43.233995,1,0,"Government of Ethiopia - ONLF"
34988,8.13333,42.3,1,0,"Government of Ethiopia - ONLF"
35081,6.543,44.903,1,0,"Government of Ethiopia - ONLF"
32327,8.13333,42.3,1,0,"Government of Ethiopia - ONLF"
32123,7.5,46,1,0,"Government of Ethiopia - ONLF"
34692,8.13333,42.3,1,0,"Government of Ethiopia - ONLF"
34750,6.741666,43.643611,1,0,"Government of Ethiopia - ONLF"
34055,6.09167,44.76361,1,0,"Government of Ethiopia - ONLF"
33982,6.233,44.754,1,0,"Government of Ethiopia - ONLF"
34876,8.13333,42.3,1,0,"Government of Ethiopia - ONLF"
34647,6.456489,44.342894,1,0,"Government of Ethiopia - ONLF"
34792,7,44,1,400,"Government of Ethiopia - ONLF"
35275,4.532608,40.682975,1,1,"Government of Ethiopia - OLF"
35216,8,39,1,20,"Government of Ethiopia - OLF"
35290,8,39,1,20,"Government of Ethiopia - OLF"
35351,8.6,40.316666,1,0,"Government of Ethiopia - OLF"
35169,8.427502,40.506093,1,0,"Government of Ethiopia - OLF"
35406,9.083333,40.866667,1,0,"Government of Ethiopia - OLF"
35165,8.427502,40.506093,1,0,"Government of Ethiopia - OLF"
35354,8.28287,41.84568,1,1,"Government of Ethiopia - OLF"
35108,8.427502,40.506093,1,0,"Government of Ethiopia - OLF"
35172,7.66667,40.2,1,0,"Government of Ethiopia - OLF"
33430,4.883333,38.083333,2,3,"Borana - Gabra, Garre"
35761,5.16667,35.93333,2,3,"Nyangatom  - Turkana"
35759,5.16667,35.93333,2,2,"Nyangatom  - Turkana"
34292,4.833333,36.1,2,2,"Dassanetch - Turkana"
34291,4.833333,36.1,2,1,"Dassanetch - Turkana"
34247,4.833333,36.1,2,15,"Dassanetch - Turkana"
34138,5.185028,40.178058,2,2,"Borana - Garre"
34160,4.75,39.23333,2,18,"Borana - Garre"
34121,3.874545,39.216166,2,11,"Borana - Garre"
34023,3.874545,39.216166,2,1,"Borana - Garre"
34156,3.874545,39.216166,2,2,"Borana - Garre"
34099,4.883333,38.083333,2,4,"Borana - Gabra"
33291,4.883333,38.083333,2,5,"Borana - Gabra"
34107,4.883333,38.083333,2,1,"Borana - Gabra"
34103,3.874545,39.216166,2,1,"Borana - Gabra"
34205,4.98333,36.86667,2,1,"Dassanetch - Gabra"
34206,4.833333,36.1,2,2,"Dassanetch - Gabra"
34209,4.833333,36.1,2,1,"Dassanetch - Gabra"
12598,11.033333,-0.05,2,5,"Kusasi - Mamprusi"
12614,11.058056,-0.241667,2,3,"Kusasi - Mamprusi"
12674,9.509167,-13.712222,3,157,"Government of Guinea - Civilians"
12717,9.509167,-13.712222,3,1,"Government of Guinea - Civilians"
12788,9.509167,-13.712222,3,2,"Government of Guinea - Civilians"
42791,4.748508,-6.636301,3,1,"Government of Ivory Coast - Civilians"
43759,-1.283333,36.816667,3,1,"Government of Kenya - Civilians"
43995,-1.283333,36.816667,3,2,"Government of Kenya - Civilians"
44007,-1.283333,36.816667,3,0,"Government of Kenya - Civilians"
43775,2.133333,35.4,3,0,"Government of Kenya - Civilians"
44162,-0.133333,35.933333,3,0,"Government of Kenya - Civilians"
43698,-1.283333,36.816667,3,7,"Mungiki - Civilians"
43749,1,38,3,0,"Mungiki - Civilians"
43769,-0.5,37.333333,3,29,"Mungiki - Civilians"
43750,-1.216667,36.783333,3,1,"Mungiki - Civilians"
32781,4.533333,35.933333,2,1,"Dassanetch - Turkana"
34259,4.533333,35.933333,2,1,"Dassanetch - Turkana"
34252,4.533333,35.933333,2,1,"Dassanetch - Turkana"
34243,4.533333,35.933333,2,2,"Dassanetch - Turkana"
34248,4.533333,35.933333,2,5,"Dassanetch - Turkana"
34246,3,35.5,2,1,"Dassanetch - Turkana"
34264,4.533333,35.933333,2,23,"Dassanetch - Turkana"
34277,3,35.5,2,2,"Dassanetch - Turkana"
43687,2.7,34.833333,2,10,"Toposa - Turkana"
44115,4.207113,34.363843,2,10,"Toposa - Turkana"
43669,1.016667,35,2,1,"Pokot - Turkana"
44158,3,35.5,2,16,"Pokot - Turkana"
44141,0.816667,36.683333,2,5,"Pokot - Samburu"
44433,1.25,37,2,14,"Pokot - Samburu"
43719,0.416667,36.75,2,32,"Pokot - Samburu"
43385,1,38.75,2,6,"Samburu - Somali"
12929,-18.916667,47.516667,3,31,"Government of Madagascar - Civilians"
12930,-23.35,43.666667,2,16,"Supporters of Andry Rajoelina - Supporters of Marc Ravalomanana"
12940,-20,47,2,50,"Supporters of Andry Rajoelina - Supporters of Marc Ravalomanana"
12699,-20,47,2,3,"Supporters of Andry Rajoelina - Supporters of Marc Ravalomanana"
11891,-18.916667,47.516667,2,2,"Supporters of Andry Rajoelina - Supporters of Marc Ravalomanana"
12920,-18.166666,49.383333,2,7,"Supporters of Andry Rajoelina - Supporters of Marc Ravalomanana"
12891,-20,47,2,4,"Supporters of Andry Rajoelina - Supporters of Marc Ravalomanana"
13164,19.939288,2.974957,1,3,"Government of Mali - ATNMC"
12996,20.242983,0.977308,1,5,"Government of Mali - ATNMC"
13019,20.013611,2.263056,1,31,"Government of Mali - ATNMC"
5087,17,-4,3,1,"AQIM - Civilians"
5565,16.770456,-3.005588,1,1,"Government of Mali - AQIM"
2719,19.45,0.366667,1,30,"Government of Mali - AQIM"
4975,16.770456,-3.005588,1,29,"Government of Mali - AQIM"
4219,16.770456,-3.005588,1,1,"Government of Mali - AQIM"
6035,20,-3,1,26,"Government of Mali - AQIM"
5214,18.083117,-15.981855,3,1,"AQIM - Civilians"
15960,11.84644,13.160274,1,0,"Government of Nigeria - Jama'atu Ahlis Sunna Lidda'awati wal-Jihad"
15970,11.84644,13.160274,1,203,"Government of Nigeria - Jama'atu Ahlis Sunna Lidda'awati wal-Jihad"
15720,10.5,10,1,11,"Government of Nigeria - Jama'atu Ahlis Sunna Lidda'awati wal-Jihad"
15733,10.313441,9.843273,1,42,"Government of Nigeria - Jama'atu Ahlis Sunna Lidda'awati wal-Jihad"
17161,12,11.5,1,12,"Government of Nigeria - Jama'atu Ahlis Sunna Lidda'awati wal-Jihad"
17167,11.7091,11.0694,1,1,"Government of Nigeria - Jama'atu Ahlis Sunna Lidda'awati wal-Jihad"
16389,11.5,8.5,1,0,"Government of Nigeria - Jama'atu Ahlis Sunna Lidda'awati wal-Jihad"
16411,11.810671,8.84505,1,3,"Government of Nigeria - Jama'atu Ahlis Sunna Lidda'awati wal-Jihad"
13989,12,11.5,1,0,"Government of Nigeria - Jama'atu Ahlis Sunna Lidda'awati wal-Jihad"
13891,11.5,13,1,0,"Government of Nigeria - Jama'atu Ahlis Sunna Lidda'awati wal-Jihad"
13900,9.333333,12.5,1,0,"Government of Nigeria - Jama'atu Ahlis Sunna Lidda'awati wal-Jihad"
15964,11.84644,13.160274,1,0,"Government of Nigeria - Jama'atu Ahlis Sunna Lidda'awati wal-Jihad"
17168,11.7091,11.0694,1,43,"Government of Nigeria - Jama'atu Ahlis Sunna Lidda'awati wal-Jihad"
15954,11.84644,13.160274,1,0,"Government of Nigeria - Jama'atu Ahlis Sunna Lidda'awati wal-Jihad"
15958,11.84644,13.160274,1,90,"Government of Nigeria - Jama'atu Ahlis Sunna Lidda'awati wal-Jihad"
16961,4.81426,6.82684,1,0,"Government of Nigeria - NDPVF"
16587,9.19085,7.15184,3,1,"Government of Nigeria - Civilians"
16145,5.5167,5.75,3,3,"Government of Nigeria - Civilians"
16299,6.4762,7.5851,3,1,"Government of Nigeria - Civilians"
16187,5.57418,5.41142,3,0,"Government of Nigeria - Civilians"
16144,5.5167,5.75,3,1,"Government of Nigeria - Civilians"
17071,4.874856,7.05255,3,1,"Government of Nigeria - Civilians"
16883,4.777423,7.013404,3,6,"Government of Nigeria - Civilians"
15984,12.37066,14.21731,3,1,"Jama'atu Ahlis Sunna Lidda'awati wal-Jihad - Civilians"
16288,7.799765,5.332422,2,0,"Supporters of ACN - Supporters of PDP"
16569,8.27611,7.99028,2,1,"Afor - Fulani"
16563,8.27611,7.99028,2,32,"Afor - Fulani"
15750,10.313441,9.843273,2,11,"Christians (Nigeria) - Muslims (Nigeria)"
16210,6.4277,7.7926,2,2,"Ezilo - Ezza"
16208,6.42714,7.83583,2,12,"Ezilo - Ezza"
16833,4.777423,7.013404,2,2,"Deebam - Deewell"
16835,4.777423,7.013404,2,1,"Deebam - Deewell"
15838,4.924722,6.264167,2,2,"Greenlanders - NDV"
16072,5.33141,6.05926,2,13,"Greenlanders - NDV"
15843,4.924722,6.264167,2,3,"Greenlanders - NDV"
16888,4.777423,7.013404,2,4,"Greenlanders - NDV"
16249,6.335045,5.627492,2,8,"Black Axe - Eyie"
16495,6.61526,3.5069,2,2,"Black Axe - Eyie"
16508,6.497892,3.382923,2,3,"Black Axe - Eyie"
16247,6.335045,5.627492,2,15,"Black Axe - Maphite"
39597,-2.5204,29.3041,3,2,"Government of Rwanda - Civilians"
39235,12.522006,-16.216207,1,1,"Government of Senegal - MFDC"
39073,12.890154,-15.586915,1,6,"Government of Senegal - MFDC"
39167,12.75,-15.5,1,1,"Government of Senegal - MFDC"
39287,12.495278,-16.193333,1,1,"Government of Senegal - MFDC"
39258,12.522006,-16.216207,1,1,"Government of Senegal - MFDC"
39131,12.504167,-16.076667,3,1,"MFDC - Civilians"
39203,13.016667,-16.566667,3,3,"MFDC - Civilians"
39180,12.946667,-16.462778,3,2,"MFDC - Civilians"
33007,12.75,-15.5,3,1,"MFDC - Civilians"
39056,12.966667,-16.65,3,1,"MFDC - Civilians"
34420,12.75,-15.5,3,1,"MFDC - Civilians"
26415,2.066667,45.366667,1,5,"Government of Somalia - ARS/UIC"
27815,2.066667,45.366667,1,4,"Government of Somalia - ARS/UIC"
27686,2.066667,45.366667,1,4,"Government of Somalia - ARS/UIC"
26504,2.066667,45.366667,1,4,"Government of Somalia - Al-Shabaab"
26459,2.066667,45.366667,1,10,"Government of Somalia - Al-Shabaab"
27093,2.066667,45.366667,1,4,"Government of Somalia - Al-Shabaab"
27075,3,43.5,1,0,"Government of Somalia - Al-Shabaab"
26039,3,43.5,1,0,"Government of Somalia - Al-Shabaab"
26219,2.066667,45.366667,1,6,"Government of Somalia - Al-Shabaab"
27138,3,43.5,1,0,"Government of Somalia - Al-Shabaab"
27343,3.316272,42.220853,1,2,"Government of Somalia - Al-Shabaab"
26312,2.066667,45.366667,1,1,"Government of Somalia - Al-Shabaab"
26184,3,42,1,1,"Government of Somalia - Al-Shabaab"
26736,2.066667,45.366667,1,1,"Government of Somalia - Al-Shabaab"
27956,2.9,43.45,1,4,"Government of Somalia - Al-Shabaab"
26018,2.35,45.383333,1,2,"Government of Somalia - Al-Shabaab"
27992,2.066667,45.366667,1,3,"Government of Somalia - Al-Shabaab"
27907,2.066667,45.366667,1,3,"Government of Somalia - Al-Shabaab"
26090,2.066667,45.366667,1,13,"Government of Somalia - Al-Shabaab"
26137,2.338564,42.285637,1,2,"Government of Somalia - Al-Shabaab"
26969,2.066667,45.366667,1,24,"Government of Somalia - Al-Shabaab"
25334,2.338564,42.285637,1,6,"Government of Somalia - Al-Shabaab"
26138,2.066667,45.366667,1,0,"Government of Somalia - Al-Shabaab"
28097,3.116667,43.65,1,3,"Government of Somalia - Al-Shabaab"
27183,2.066667,45.366667,1,81,"Government of Somalia - Al-Shabaab"
20647,4.116667,43.9,1,18,"Government of Somalia - Al-Shabaab"
25155,2.066667,45.366667,1,4,"Government of Somalia - Al-Shabaab"
28105,2.066667,45.366667,1,2,"Government of Somalia - Al-Shabaab"
25503,2.016353,45.306422,1,1,"Government of Somalia - Al-Shabaab"
26013,4.35,43.15,1,17,"Government of Somalia - Al-Shabaab"
25705,2.35,45.383333,1,0,"Government of Somalia - Al-Shabaab"
27551,2.066667,45.366667,1,1,"Government of Somalia - Al-Shabaab"
27824,2.066667,45.366667,1,1,"Government of Somalia - Al-Shabaab"
27816,2.066667,45.366667,1,8,"Government of Somalia - Al-Shabaab"
27796,3.116667,43.65,1,7,"Government of Somalia - Al-Shabaab"
27124,2.066667,45.366667,1,2,"Government of Somalia - Al-Shabaab"
25598,2.066667,45.366667,1,1,"Government of Somalia - Al-Shabaab"
26005,2.066667,45.366667,1,1,"Government of Somalia - Al-Shabaab"
25573,2.066667,45.366667,1,3,"Government of Somalia - Al-Shabaab"
27129,2.066667,45.366667,1,2,"Government of Somalia - Al-Shabaab"
26323,2.066667,45.366667,1,1,"Government of Somalia - Al-Shabaab"
26197,2.066667,45.366667,1,8,"Government of Somalia - Al-Shabaab"
26661,2.066667,45.366667,1,2,"Government of Somalia - Al-Shabaab"
27768,2.066667,45.366667,1,40,"Government of Somalia - Al-Shabaab"
27856,2.066667,45.366667,1,5,"Government of Somalia - Al-Shabaab"
25339,2.066667,45.366667,1,16,"Government of Somalia - Al-Shabaab"
27122,2.066667,45.366667,1,15,"Government of Somalia - Al-Shabaab"
25248,2.066667,45.366667,1,7,"Government of Somalia - Al-Shabaab"
26079,2.066667,45.366667,1,25,"Government of Somalia - Al-Shabaab"
27336,2.066667,45.366667,1,10,"Government of Somalia - Al-Shabaab"
26267,2.066667,45.366667,1,7,"Government of Somalia - Al-Shabaab"
27148,2.066667,45.366667,1,10,"Government of Somalia - Al-Shabaab"
27287,4.735833,45.203611,1,2,"Government of Somalia - Al-Shabaab"
25153,2.066667,45.366667,1,1,"Government of Somalia - Al-Shabaab"
27694,2.066667,45.366667,1,9,"Government of Somalia - Al-Shabaab"
26838,2.066667,45.366667,1,2,"Government of Somalia - Al-Shabaab"
27993,2.066667,45.366667,1,45,"Government of Somalia - Al-Shabaab"
28107,2.066667,45.366667,1,3,"Government of Somalia - Al-Shabaab"
26153,2.066667,45.366667,1,11,"Government of Somalia - Al-Shabaab"
27395,2.066667,45.366667,1,10,"Government of Somalia - Al-Shabaab"
25231,2.066667,45.366667,1,0,"Government of Somalia - Al-Shabaab"
27831,2.066667,45.366667,1,3,"Government of Somalia - Al-Shabaab"
26584,2.066667,45.366667,1,28,"Government of Somalia - Al-Shabaab"
28255,2.066667,45.366667,1,10,"Government of Somalia - Al-Shabaab"
26073,2.066667,45.366667,1,8,"Government of Somalia - Al-Shabaab"
25563,2.066667,45.366667,1,15,"Government of Somalia - Al-Shabaab"
26238,2.066667,45.366667,1,4,"Government of Somalia - Al-Shabaab"
25968,2.066667,45.366667,1,3,"Government of Somalia - Al-Shabaab"
27130,2.066667,45.366667,1,10,"Government of Somalia - Al-Shabaab"
25926,2.066667,45.366667,1,22,"Government of Somalia - Al-Shabaab"
27720,2.066667,45.366667,1,0,"Government of Somalia - Al-Shabaab"
26909,4.735833,45.203611,1,35,"Government of Somalia - Al-Shabaab"
27802,2.066667,45.366667,1,5,"Government of Somalia - Al-Shabaab"
28106,2.066667,45.366667,1,9,"Government of Somalia - Al-Shabaab"
25891,2.066667,45.366667,1,12,"Government of Somalia - Al-Shabaab"
25356,2.066667,45.366667,1,1,"Government of Somalia - Al-Shabaab"
25532,2.066667,45.366667,1,5,"Government of Somalia - Al-Shabaab"
27084,2.066667,45.366667,1,5,"Government of Somalia - Al-Shabaab"
26614,2.066667,45.366667,1,13,"Government of Somalia - Al-Shabaab"
26462,2.066667,45.366667,1,1,"Government of Somalia - Al-Shabaab"
25774,2.066667,45.366667,1,1,"Government of Somalia - Al-Shabaab"
25765,2.066667,45.366667,1,15,"Government of Somalia - Al-Shabaab"
27552,2.066667,45.366667,1,25,"Government of Somalia - Al-Shabaab"
25802,2.066667,45.366667,1,15,"Government of Somalia - Al-Shabaab"
27413,2.066667,45.366667,1,23,"Government of Somalia - Al-Shabaab"
26306,2.066667,45.366667,1,12,"Government of Somalia - Al-Shabaab"
27259,2.066667,45.366667,1,1,"Government of Somalia - Al-Shabaab"
25206,2.066667,45.366667,1,20,"Government of Somalia - Al-Shabaab"
27716,2.066667,45.366667,1,43,"Government of Somalia - Al-Shabaab"
25245,2.066667,45.366667,1,2,"Government of Somalia - Al-Shabaab"
25553,2.066667,45.366667,1,2,"Government of Somalia - Al-Shabaab"
25210,2.066667,45.366667,1,1,"Government of Somalia - Al-Shabaab"
27721,2.066667,45.366667,1,25,"Government of Somalia - Al-Shabaab"
26292,2.066667,45.366667,1,3,"Government of Somalia - Al-Shabaab"
25459,2.066667,45.366667,1,7,"Government of Somalia - Al-Shabaab"
25589,2.066667,45.366667,1,3,"Government of Somalia - Al-Shabaab"
27157,2.066667,45.366667,1,1,"Government of Somalia - Al-Shabaab"
27556,2.066667,45.366667,1,3,"Government of Somalia - Al-Shabaab"
27589,2.066667,45.366667,1,1,"Government of Somalia - Al-Shabaab"
27258,2.066667,45.366667,1,2,"Government of Somalia - Al-Shabaab"
20628,2.066667,45.366667,1,3,"Government of Somalia - Al-Shabaab"
27184,2.066667,45.366667,1,11,"Government of Somalia - Al-Shabaab"
26225,2.066667,45.366667,1,3,"Government of Somalia - Al-Shabaab"
25586,2.066667,45.366667,1,13,"Government of Somalia - Al-Shabaab"
25690,2.066667,45.366667,1,2,"Government of Somalia - Al-Shabaab"
27083,2.066667,45.366667,1,5,"Government of Somalia - Al-Shabaab"
27337,2.066667,45.366667,1,1,"Government of Somalia - Al-Shabaab"
25338,2.066667,45.366667,1,40,"Government of Somalia - Al-Shabaab"
25451,2.066667,45.366667,1,9,"Government of Somalia - Al-Shabaab"
27327,2.066667,45.366667,1,11,"Government of Somalia - Al-Shabaab"
26439,2.066667,45.366667,1,2,"Government of Somalia - Al-Shabaab"
25988,2.066667,45.366667,1,3,"Government of Somalia - Al-Shabaab"
25456,4.735833,45.203611,1,2,"Government of Somalia - Al-Shabaab"
27429,2.066667,45.366667,1,4,"Government of Somalia - Al-Shabaab"
27425,2.066667,45.366667,1,13,"Government of Somalia - Al-Shabaab"
27650,3,43.5,1,30,"Government of Somalia - Al-Shabaab"
26081,2.066667,45.366667,1,6,"Government of Somalia - Al-Shabaab"
27666,2.066667,45.366667,1,10,"Government of Somalia - Al-Shabaab"
26253,2.066667,45.366667,1,16,"Government of Somalia - Al-Shabaab"
26868,2.066667,45.366667,1,3,"Government of Somalia - Al-Shabaab"
25133,2.066667,45.366667,1,0,"Government of Somalia - Al-Shabaab"
26414,2.066667,45.366667,1,12,"Government of Somalia - Al-Shabaab"
26490,2.066667,45.366667,1,3,"Government of Somalia - Al-Shabaab"
27151,2.066667,45.366667,1,7,"Government of Somalia - Al-Shabaab"
26156,2.066667,45.366667,1,10,"Government of Somalia - Al-Shabaab"
27870,4.55,43.033333,1,14,"Government of Somalia - Al-Shabaab"
25273,2.066667,45.366667,1,1,"Government of Somalia - Al-Shabaab"
25143,2.066667,45.366667,1,12,"Government of Somalia - Al-Shabaab"
26224,2.066667,45.366667,1,1,"Government of Somalia - Al-Shabaab"
25275,4.735833,45.203611,1,2,"Government of Somalia - Al-Shabaab"
25597,2.066667,45.366667,1,6,"Government of Somalia - Al-Shabaab"
27417,3.808228,43.247629,1,1,"Government of Somalia - Al-Shabaab"
26159,2.066667,45.366667,1,1,"Government of Somalia - Al-Shabaab"
27549,2.066667,45.366667,1,3,"Government of Somalia - Al-Shabaab"
26749,2.066667,45.366667,1,30,"Government of Somalia - Al-Shabaab"
26268,2.066667,45.366667,1,5,"Government of Somalia - Al-Shabaab"
26209,2.016353,45.306422,1,5,"Government of Somalia - Al-Shabaab"
27227,2.066667,45.366667,1,22,"Government of Somalia - Al-Shabaab"
26695,2.066667,45.366667,1,8,"Government of Somalia - Al-Shabaab"
25886,4.116667,43.9,1,5,"Government of Somalia - Al-Shabaab"
27894,4.116667,43.9,1,1,"Government of Somalia - Al-Shabaab"
26125,2.066667,45.366667,1,5,"Government of Somalia - Al-Shabaab"
25896,2.066667,45.366667,1,4,"Government of Somalia - Al-Shabaab"
25584,2.066667,45.366667,1,1,"Government of Somalia - Al-Shabaab"
27554,2.066667,45.366667,1,10,"Government of Somalia - Al-Shabaab"
25279,2.066667,45.366667,1,1,"Government of Somalia - Al-Shabaab"
26075,2.066667,45.366667,1,8,"Government of Somalia - Al-Shabaab"
25345,2.066667,45.366667,1,16,"Government of Somalia - Al-Shabaab"
27706,2.066667,45.366667,1,23,"Government of Somalia - Al-Shabaab"
26981,2.066667,45.366667,1,3,"Government of Somalia - Al-Shabaab"
27149,2.066667,45.366667,1,13,"Government of Somalia - Al-Shabaab"
27701,2.066667,45.366667,1,8,"Government of Somalia - Al-Shabaab"
27745,2.066667,45.366667,1,11,"Government of Somalia - Al-Shabaab"
27218,2.066667,45.366667,1,10,"Government of Somalia - Al-Shabaab"
27232,2.066667,45.366667,1,2,"Government of Somalia - Al-Shabaab"
26127,2.066667,45.366667,1,2,"Government of Somalia - Al-Shabaab"
28364,2.066667,45.366667,1,7,"Government of Somalia - Al-Shabaab"
27445,2.066667,45.366667,1,20,"Government of Somalia - Al-Shabaab"
27719,2.066667,45.366667,1,14,"Government of Somalia - Al-Shabaab"
26600,2.066667,45.366667,1,14,"Government of Somalia - Al-Shabaab"
27878,2.066667,45.366667,1,8,"Government of Somalia - Al-Shabaab"
27089,2.066667,45.366667,1,4,"Government of Somalia - Al-Shabaab"
25639,2.066667,45.366667,1,15,"Government of Somalia - Al-Shabaab"
25943,2.066667,45.366667,1,3,"Government of Somalia - Al-Shabaab"
26028,4.735833,45.203611,1,2,"Government of Somalia - Hizbul Islam"
26230,2.066667,45.366667,1,4,"Government of Somalia - Hizbul Islam"
26403,2.066667,45.366667,1,7,"Government of Somalia - Hizbul Islam"
27168,4.735833,45.203611,1,10,"Government of Somalia - Hizbul Islam"
26401,2.966667,45.533333,1,3,"Government of Somalia - Hizbul Islam"
28041,4.735833,45.203611,1,8,"Government of Somalia - Hizbul Islam"
27071,4.735833,45.203611,1,6,"Government of Somalia - Hizbul Islam"
27407,4.735833,45.203611,1,7,"Government of Somalia - Hizbul Islam"
27135,2.066667,45.366667,1,5,"Government of Somalia - Hizbul Islam"
27104,2.066667,45.366667,1,6,"Government of Somalia - Hizbul Islam"
26406,2.066667,45.366667,1,7,"Government of Somalia - Hizbul Islam"
26118,4,45.5,1,3,"Government of Somalia - Hizbul Islam"
25648,1.133333,43.75,1,5,"Government of United States of America - al-Qaida"
187638,1.133333,43.75,1,5,"Government of United States of America - al-Qaida"
25537,2.15,45.116667,3,0,"Government of Somalia - Civilians"
27723,2.066667,45.366667,3,3,"Government of Somalia - Civilians"
25239,2.066667,45.366667,3,1,"Government of Somalia - Civilians"
26643,2.066667,45.366667,3,2,"Government of Somalia - Civilians"
27767,2.066667,45.366667,3,0,"Government of Somalia - Civilians"
25979,2.066667,45.366667,3,1,"Government of Somalia - Civilians"
26116,2.066667,45.366667,3,2,"Government of Somalia - Civilians"
26045,2.066667,45.366667,3,3,"Government of Somalia - Civilians"
25272,2.066667,45.366667,3,1,"Government of Somalia - Civilians"
25419,2.066667,45.366667,3,1,"Al-Shabaab - Civilians"
27332,-0.358173,42.545365,3,1,"Al-Shabaab - Civilians"
26472,0,42,3,1,"Al-Shabaab - Civilians"
25933,2.066667,45.366667,3,1,"Al-Shabaab - Civilians"
28340,0,42,3,0,"Al-Shabaab - Civilians"
27525,1.71305,44.76388,3,1,"Al-Shabaab - Civilians"
26900,3.116667,43.65,3,2,"Al-Shabaab - Civilians"
26906,3.116667,43.65,3,0,"Al-Shabaab - Civilians"
26665,3.116667,43.65,3,7,"Al-Shabaab - Civilians"
27087,2.066667,45.366667,3,2,"Al-Shabaab - Civilians"
28064,1.71305,44.76388,3,2,"Al-Shabaab - Civilians"
25850,1.71305,44.76388,3,1,"Al-Shabaab - Civilians"
25549,3.808228,43.247629,3,1,"Al-Shabaab - Civilians"
28023,2.066667,45.366667,3,0,"Al-Shabaab - Civilians"
25821,5,47,2,28,"Ahlu Sunna Waljamaca - Al-Shabaab"
27939,5,47,2,16,"Ahlu Sunna Waljamaca - Al-Shabaab"
25291,5.3075,45.8825,2,8,"Ahlu Sunna Waljamaca - Al-Shabaab"
26248,5.3075,45.8825,2,25,"Ahlu Sunna Waljamaca - Al-Shabaab"
25871,5.3075,45.8825,2,26,"Ahlu Sunna Waljamaca - Al-Shabaab"
27253,5.535,46.386111,2,34,"Ahlu Sunna Waljamaca - Al-Shabaab"
27943,6.769722,47.430833,2,1,"Ahlu Sunna Waljamaca - Al-Shabaab"
27158,4.633257,46.179174,2,20,"Ahlu Sunna Waljamaca - Al-Shabaab"
20641,4.516667,46.283333,2,9,"Ahlu Sunna Waljamaca - Al-Shabaab"
27090,4.516667,46.283333,2,6,"Ahlu Sunna Waljamaca - Al-Shabaab"
25196,2.35,45.383333,2,2,"Ahlu Sunna Waljamaca - Al-Shabaab"
25160,2.338564,42.285637,2,2,"Ahlu Sunna Waljamaca - Al-Shabaab"
25486,4.383333,46.083333,2,7,"Ahlu Sunna Waljamaca - Al-Shabaab"
20642,3.85,45.566667,2,1,"Ahlu Sunna Waljamaca - Al-Shabaab"
25403,4.383333,46.083333,2,8,"Ahlu Sunna Waljamaca - Al-Shabaab"
25197,4.383333,46.083333,2,4,"Ahlu Sunna Waljamaca - Al-Shabaab"
25610,4.516667,46.283333,2,5,"Ahlu Sunna Waljamaca - Al-Shabaab"
26826,4.383333,46.083333,2,34,"Ahlu Sunna Waljamaca - Al-Shabaab"
26392,4.516667,46.283333,2,0,"Ahlu Sunna Waljamaca - Al-Shabaab"
27199,4.516667,46.283333,2,8,"Ahlu Sunna Waljamaca - Al-Shabaab"
28039,4.516667,46.283333,2,34,"Ahlu Sunna Waljamaca - Al-Shabaab"
27761,4.383333,46.083333,2,4,"Ahlu Sunna Waljamaca - Al-Shabaab"
25154,4.383333,46.083333,2,1,"Ahlu Sunna Waljamaca - Al-Shabaab"
25973,4.683333,46.616667,2,3,"Ahlu Sunna Waljamaca - Al-Shabaab"
26671,4.516667,46.283333,2,50,"Ahlu Sunna Waljamaca - Al-Shabaab"
24948,4.516667,46.283333,2,73,"Ahlu Sunna Waljamaca - Al-Shabaab"
26105,4.383333,46.083333,2,13,"Ahlu Sunna Waljamaca - Al-Shabaab"
25290,4.516667,46.283333,2,18,"Ahlu Sunna Waljamaca - Al-Shabaab"
25123,6.140278,46.625556,2,0,"Ahlu Sunna Waljamaca - Al-Shabaab"
25912,4.024069,46.617838,2,30,"Ahlu Sunna Waljamaca - Al-Shabaab"
25476,3.929306,41.874525,2,33,"Ahlu Sunna Waljamaca - Al-Shabaab"
26911,3.929306,41.874525,2,2,"Ahlu Sunna Waljamaca - Al-Shabaab"
26285,3.796513,42.544206,2,0,"Ahlu Sunna Waljamaca - Al-Shabaab"
27211,3.929306,41.874525,2,12,"Ahlu Sunna Waljamaca - Al-Shabaab"
26166,6.769722,47.430833,2,7,"Ahlu Sunna Waljamaca - Al-Shabaab"
27655,2.616667,44.9,2,2,"Ahlu Sunna Waljamaca - Al-Shabaab"
25564,5.200556,45.530278,2,12,"Ahlu Sunna Waljamaca - Al-Shabaab"
27924,2.3,45.266667,2,10,"Ahlu Sunna Waljamaca - Al-Shabaab"
27386,6.769722,47.430833,2,0,"Ahlu Sunna Waljamaca - Al-Shabaab"
27742,-0.358173,42.545365,2,30,"Al-Shabaab - Hizbul Islam"
21007,-0.358173,42.545365,2,2,"Al-Shabaab - Hizbul Islam"
25858,-0.358173,42.545365,2,10,"Al-Shabaab - Hizbul Islam"
27679,-0.358173,42.545365,2,9,"Al-Shabaab - Hizbul Islam"
27182,2.08233,45.2102,2,3,"Al-Shabaab - Hizbul Islam"
25825,0.514381,42.073209,2,12,"Al-Shabaab - Hizbul Islam"
26060,4,44,2,3,"Al-Shabaab - Hizbul Islam"
26272,2.066667,45.366667,2,0,"Al-Shabaab - Hizbul Islam"
28044,0.867222,41.971111,2,15,"Al-Shabaab - Hizbul Islam"
26249,0.514381,42.073209,2,13,"Al-Shabaab - Hizbul Islam"
25344,-0.358173,42.545365,2,3,"Al-Shabaab - Hizbul Islam"
26721,0.40627,41.01238,2,15,"Al-Shabaab - Hizbul Islam"
25738,0.40627,41.01238,2,6,"Al-Shabaab - Hizbul Islam"
34005,0.40627,41.01238,2,2,"Al-Shabaab - ONLF"
64592,4.735833,45.203611,2,10,"Ahlu Sunna Waljamaca - Hizbul Islam"
7997,12,25.633333,1,5,"Government of Sudan - JEM"
7071,12,25.633333,1,145,"Government of Sudan - JEM"
8413,12,25.633333,1,16,"Government of Sudan - JEM"
9006,12,25.633333,1,9,"Government of Sudan - JEM"
9162,12,25.633333,1,7,"Government of Sudan - JEM"
8036,12,25.633333,1,1,"Government of Sudan - JEM"
8037,12,25.633333,1,3,"Government of Sudan - JEM"
6795,11.266667,25.133333,1,5,"Government of Sudan - JEM"
8879,12,25.633333,1,7,"Government of Sudan - JEM"
9015,9.816667,28.75,1,1,"Government of Sudan - JEM"
8703,13.633333,25.35,1,2,"Government of Sudan - JEM"
6845,13.166667,24.366667,1,4,"Government of Sudan - JEM"
8257,13.75,25.166667,1,28,"Government of Sudan - JEM"
6801,13,23,1,63,"Government of Sudan - JEM"
8892,15.35,23.616667,1,2,"Government of Sudan - JEM"
8720,11.333333,27.8,1,2,"Government of Sudan - JEM"
9022,14.15,25.4,1,0,"Government of Sudan - SLM/A"
6889,13.833333,24.733333,1,6,"Government of Sudan - SLM/A"
6771,14.35,24.366667,1,5,"Government of Sudan - SLM/A"
8366,13.166667,24.366667,1,18,"Government of Sudan - SLM/A"
8741,16,26,1,3,"Government of Sudan - SLM/A"
8646,13.833333,24.733333,1,0,"Government of Sudan - SLM/A"
7186,15.383333,26.05,1,10,"Government of Sudan - SLM/A"
8490,13,23,1,7,"Government of Sudan - SLM/A"
37637,5,29,1,2,"Government of Uganda - LRA"
36959,4.81818,29.40091,1,1,"Government of Uganda - LRA"
36930,4.914722,29.476944,1,1,"Government of Uganda - LRA"
37424,4.676689,29.206219,1,7,"Government of Uganda - LRA"
37209,4.643333,28.253056,1,3,"Government of Uganda - LRA"
37656,4.57213,28.39549,1,1,"Government of Uganda - LRA"
32201,5.066667,27.45,1,1,"Government of Uganda - LRA"
33802,11,25,1,0,"Government of Uganda - LRA"
37421,8.459553,25.677997,1,3,"Government of Uganda - LRA"
37420,8.459553,25.677997,1,5,"Government of Uganda - LRA"
9064,13.933333,24.9,3,13,"SLM/A - MM - Civilians"
36932,4.914722,29.476944,3,4,"LRA - Civilians"
36940,4.914722,29.476944,3,4,"LRA - Civilians"
36958,4.81818,29.40091,3,5,"LRA - Civilians"
33891,5.066667,27.45,3,7,"LRA - Civilians"
36937,4.914722,29.476944,3,5,"LRA - Civilians"
37544,4.653266,30.436786,3,8,"LRA - Civilians"
35984,4.80833,30.32764,3,2,"LRA - Civilians"
32645,5.4,30.25,3,2,"LRA - Civilians"
34147,5.066667,27.45,3,3,"LRA - Civilians"
33781,4.713611,29.135833,3,5,"LRA - Civilians"
37020,5.4,30.25,3,1,"LRA - Civilians"
33508,5.03578,30.34397,3,2,"LRA - Civilians"
37651,4.57213,28.39549,3,25,"LRA - Civilians"
36043,4.456836,29.084256,3,2,"LRA - Civilians"
33380,5.665734,30.25954,3,1,"LRA - Civilians"
36919,4.83873,29.227297,3,1,"LRA - Civilians"
36843,4.914722,29.476944,3,1,"LRA - Civilians"
36957,4.81818,29.40091,3,0,"LRA - Civilians"
37638,5,29,3,0,"LRA - Civilians"
37539,4.916389,29.367777,3,1,"LRA - Civilians"
33892,5.066667,27.45,3,1,"LRA - Civilians"
36307,5.066667,27.45,3,4,"LRA - Civilians"
34310,4.091389,30.678611,3,6,"LRA - Civilians"
36681,4.17108,30.42819,3,4,"LRA - Civilians"
36067,4.962713,27.763344,3,2,"LRA - Civilians"
37660,4.091389,30.678611,3,7,"LRA - Civilians"
36047,5.458611,29.140556,3,12,"LRA - Civilians"
37037,4.54727,29.05364,3,1,"LRA - Civilians"
36346,5.066667,27.45,3,2,"LRA - Civilians"
37654,4.57213,28.39549,3,1,"LRA - Civilians"
37662,4.57213,28.39549,3,1,"LRA - Civilians"
37658,4.57213,28.39549,3,1,"LRA - Civilians"
37206,4.643333,28.253056,3,2,"LRA - Civilians"
32144,5.066667,27.45,3,2,"LRA - Civilians"
37659,4.57213,28.39549,3,1,"LRA - Civilians"
37542,4.551147,28.400253,3,1,"LRA - Civilians"
36914,4.914722,29.476944,3,1,"LRA - Civilians"
37589,5,29,3,20,"LRA - Civilians"
36351,5.066667,27.45,3,2,"LRA - Civilians"
36345,5.066667,27.45,3,0,"LRA - Civilians"
32136,5.301497,27.285619,3,1,"LRA - Civilians"
37648,4.57213,28.39549,3,2,"LRA - Civilians"
36941,4.914722,29.476944,3,0,"LRA - Civilians"
36652,6.023895,28.441743,3,2,"LRA - Civilians"
37626,6.04,27.24,3,10,"LRA - Civilians"
36845,5.383333,27.25,3,2,"LRA - Civilians"
37552,4.557236,28.040825,3,3,"LRA - Civilians"
37210,4.643333,28.253056,3,4,"LRA - Civilians"
37418,8.459553,25.677997,3,1,"LRA - Civilians"
7668,13.633333,25.35,3,1,"Janjaweed  - Civilians"
8704,11,25,2,65,"Fulani - Habaniya"
7557,11,25,2,26,"Fulani - Habaniya"
7566,10.85,25.166667,2,8,"Fulani - Habaniya"
8286,6.8,33.133333,2,50,"Lou Nuer - Murle"
7849,7.933333,33,2,267,"Lou Nuer - Murle"
9063,7.049,33,2,433,"Lou Nuer - Murle"
8013,7.65,33.05,2,10,"Lou Nuer - Murle"
8949,7.65,33.05,2,250,"Lou Nuer - Murle"
8256,7.583333,32.833333,2,185,"Lou Nuer - Murle"
7266,7.4,32.4,2,24,"Hol Dinka - Lou Nuer"
8620,7.75,31.416667,2,167,"Hol Dinka - Lou Nuer"
8677,5,33,2,0,"Hol Dinka - Lou Nuer"
8758,11,30,2,244,"Misseriya - Rizeigat Abbala"
9026,8.466667,33.15,2,71,"Jikany Nuer - Lou Nuer"
7996,9.370278,31.845556,2,7,"Ngok Dinka - Shiluk"
7857,9.536944,31.656111,2,70,"Ngok Dinka - Shiluk"
6772,9.838795,32.046135,2,20,"Ngok Dinka - Shiluk"
9273,9.71866,31.84875,2,5,"Ngok Dinka - Shiluk"
8296,9.370278,31.845556,2,8,"Ngok Dinka - Shiluk"
6981,10,32.7,2,11,"Ngok Dinka - Shiluk"
8673,5.103333,31.584722,2,30,"Bari - Mundari"
8107,5.103333,31.584722,2,11,"Bari - Mundari"
8145,5.453889,31.835833,2,3,"Bor Dinka - Mundari"
8148,5.602428,31.828292,2,2,"Bor Dinka - Mundari"
8157,5.5637,31.831211,2,3,"Bor Dinka - Mundari"
7584,5.620833,31.726389,2,3,"Bor Dinka - Mundari"
6992,5.63913,31.827966,2,2,"Bor Dinka - Mundari"
6976,5.7,31.79,2,3,"Bor Dinka - Mundari"
6952,5.697778,31.7975,2,3,"Bor Dinka - Mundari"
6953,5.713697,31.794508,2,3,"Bor Dinka - Mundari"
7305,5.82,31.77,2,2,"Bor Dinka - Mundari"
6759,5.44843,31.83483,2,3,"Bor Dinka - Mundari"
6817,5.686109,31.79647,2,2,"Bor Dinka - Mundari"
8744,5.658269,31.814552,2,2,"Bor Dinka - Mundari"
8885,5.35,31.81,2,3,"Bor Dinka - Mundari"
9233,5.741017,31.786956,2,3,"Bor Dinka - Mundari"
7539,6.15,31.2,2,5,"Aliap Dinka  - Mundari"
9296,6.15,31.2,2,47,"Aliap Dinka  - Mundari"
9195,7.273333,28.683889,2,30,"Luac Jang Dinka - Awan Dinka"
8333,7.345817,31.399028,2,46,"Bor Dinka - Lou Nuer"
36553,0.315556,32.565556,3,7,"Government of Uganda - Civilians"
36552,0.315556,32.565556,3,13,"Government of Uganda - Civilians"
36489,3.165555,33.955278,2,8,"Dodoth - Jie"
36488,3.165555,33.955278,2,8,"Dodoth - Jie"
32847,3.644167,34.234722,2,22,"Dodoth - Jie"
32700,3.644167,34.234722,2,1,"Dodoth - Turkana"
28516,-19.666667,30,3,0,"Government of Zimbabwe (Rhodesia) - Civilians"
